solid OpenSCAD_Model
  facet normal 0 1 0
    outer loop
      vertex 90 48 70
      vertex 87.5 48 67.5
      vertex 0 48 70
    endloop
  endfacet
  facet normal 0 1 0
    outer loop
      vertex 90 48 70
      vertex 87.5 48 2.5
      vertex 87.5 48 67.5
    endloop
  endfacet
  facet normal 0 1 0
    outer loop
      vertex 87.5 48 2.5
      vertex 90 48 0
      vertex 2.5 48 2.5
    endloop
  endfacet
  facet normal 0 1 -0
    outer loop
      vertex 90 48 0
      vertex 87.5 48 2.5
      vertex 90 48 70
    endloop
  endfacet
  facet normal 0 1 -0
    outer loop
      vertex 2.5 48 67.5
      vertex 0 48 70
      vertex 87.5 48 67.5
    endloop
  endfacet
  facet normal 0 1 -0
    outer loop
      vertex 2.5 48 2.5
      vertex 0 48 70
      vertex 2.5 48 67.5
    endloop
  endfacet
  facet normal 0 1 0
    outer loop
      vertex 2.5 48 2.5
      vertex 0 48 0
      vertex 0 48 70
    endloop
  endfacet
  facet normal 0 1 0
    outer loop
      vertex 0 48 0
      vertex 2.5 48 2.5
      vertex 90 48 0
    endloop
  endfacet
  facet normal -1 0 0
    outer loop
      vertex 0 37.75 26.5
      vertex 0 48 0
      vertex 0 37.75 17.5
    endloop
  endfacet
  facet normal -1 0 0
    outer loop
      vertex 0 48 0
      vertex 0 23.75 17.5
      vertex 0 37.75 17.5
    endloop
  endfacet
  facet normal -1 0 0
    outer loop
      vertex 0 0 0
      vertex 0 23.75 26.5
      vertex 0 23.75 17.5
    endloop
  endfacet
  facet normal -1 -0 0
    outer loop
      vertex 0 23.75 26.5
      vertex 0 0 0
      vertex 0 18.7564 70
    endloop
  endfacet
  facet normal -1 0 0
    outer loop
      vertex 0 0 0
      vertex 0 23.75 17.5
      vertex 0 48 0
    endloop
  endfacet
  facet normal -1 0 0
    outer loop
      vertex 0 48 0
      vertex 0 37.75 26.5
      vertex 0 48 70
    endloop
  endfacet
  facet normal -1 0 0
    outer loop
      vertex 0 18.7564 70
      vertex 0 37.75 26.5
      vertex 0 23.75 26.5
    endloop
  endfacet
  facet normal -1 0 0
    outer loop
      vertex 0 37.75 26.5
      vertex 0 18.7564 70
      vertex 0 48 70
    endloop
  endfacet
  facet normal -0 0 1
    outer loop
      vertex 0 48 70
      vertex 90 18.7564 70
      vertex 90 48 70
    endloop
  endfacet
  facet normal 0 0 1
    outer loop
      vertex 90 18.7564 70
      vertex 0 48 70
      vertex 0 18.7564 70
    endloop
  endfacet
  facet normal 0 -0.965926 0.258817
    outer loop
      vertex 0 18.7564 70
      vertex 14.5 15.4087 57.5061
      vertex 90 18.7564 70
    endloop
  endfacet
  facet normal 1.60752e-06 -0.965926 0.258819
    outer loop
      vertex 0 18.7564 70
      vertex 14.5 3.34774 12.4939
      vertex 14.5 15.4087 57.5061
    endloop
  endfacet
  facet normal 0 -0.965926 0.25882
    outer loop
      vertex 14.5 3.34774 12.4939
      vertex 0 0 0
      vertex 75.5 3.34774 12.4939
    endloop
  endfacet
  facet normal 1.15534e-06 -0.965926 0.258818
    outer loop
      vertex 0 0 0
      vertex 14.5 3.34774 12.4939
      vertex 0 18.7564 70
    endloop
  endfacet
  facet normal 0 -0.965926 0.258817
    outer loop
      vertex 75.5 15.4087 57.5061
      vertex 90 18.7564 70
      vertex 14.5 15.4087 57.5061
    endloop
  endfacet
  facet normal -1.60752e-06 -0.965926 0.258819
    outer loop
      vertex 75.5 3.34774 12.4939
      vertex 90 18.7564 70
      vertex 75.5 15.4087 57.5061
    endloop
  endfacet
  facet normal -1.15534e-06 -0.965926 0.258818
    outer loop
      vertex 75.5 3.34774 12.4939
      vertex 90 0 0
      vertex 90 18.7564 70
    endloop
  endfacet
  facet normal 0 -0.965926 0.25882
    outer loop
      vertex 90 0 0
      vertex 75.5 3.34774 12.4939
      vertex 0 0 0
    endloop
  endfacet
  facet normal 0 0 -1
    outer loop
      vertex 0 0 0
      vertex 90 48 0
      vertex 90 0 0
    endloop
  endfacet
  facet normal -0 0 -1
    outer loop
      vertex 90 48 0
      vertex 0 0 0
      vertex 0 48 0
    endloop
  endfacet
  facet normal 1 -0 0
    outer loop
      vertex 90 18.7564 70
      vertex 90 48 0
      vertex 90 48 70
    endloop
  endfacet
  facet normal 1 0 0
    outer loop
      vertex 90 48 0
      vertex 90 18.7564 70
      vertex 90 0 0
    endloop
  endfacet
  facet normal 1 0 0
    outer loop
      vertex 2.5 44 67.5
      vertex 2.5 37.75 26.5
      vertex 2.5 44 2.5
    endloop
  endfacet
  facet normal 1 -0 0
    outer loop
      vertex 2.5 22.9226 60.0479
      vertex 2.5 37.75 26.5
      vertex 2.5 44 67.5
    endloop
  endfacet
  facet normal 1 0 0
    outer loop
      vertex 2.5 8.58404 6.53565
      vertex 2.5 23.75 26.5
      vertex 2.5 22.9226 60.0479
    endloop
  endfacet
  facet normal 1 0 0
    outer loop
      vertex 2.5 37.75 26.5
      vertex 2.5 22.9226 60.0479
      vertex 2.5 23.75 26.5
    endloop
  endfacet
  facet normal 1 -0 0
    outer loop
      vertex 2.5 21.8136 67.5
      vertex 2.5 22.9226 60.0479
      vertex 2.5 44 67.5
    endloop
  endfacet
  facet normal 1 0 0
    outer loop
      vertex 2.5 22.9226 60.0479
      vertex 2.5 21.8136 67.5
      vertex 2.5 20.0248 60.8244
    endloop
  endfacet
  facet normal 1 -0 0
    outer loop
      vertex 2.5 37.75 17.5
      vertex 2.5 44 2.5
      vertex 2.5 37.75 26.5
    endloop
  endfacet
  facet normal 1 -0 0
    outer loop
      vertex 2.5 23.75 17.5
      vertex 2.5 44 2.5
      vertex 2.5 37.75 17.5
    endloop
  endfacet
  facet normal 1 0 0
    outer loop
      vertex 2.5 23.75 26.5
      vertex 2.5 8.58404 6.53565
      vertex 2.5 23.75 17.5
    endloop
  endfacet
  facet normal 1 -0 0
    outer loop
      vertex 2.5 8.58404 6.53565
      vertex 2.5 44 2.5
      vertex 2.5 23.75 17.5
    endloop
  endfacet
  facet normal 1 0 0
    outer loop
      vertex 2.5 8.58404 6.53565
      vertex 2.5 4.39687 2.5
      vertex 2.5 44 2.5
    endloop
  endfacet
  facet normal 1 0 0
    outer loop
      vertex 2.5 4.39687 2.5
      vertex 2.5 8.58404 6.53565
      vertex 2.5 5.68626 7.31211
    endloop
  endfacet
  facet normal 1 -0 0
    outer loop
      vertex 2.5 45.5 67.5
      vertex 2.5 48 2.5
      vertex 2.5 48 67.5
    endloop
  endfacet
  facet normal 1 0 0
    outer loop
      vertex 2.5 48 2.5
      vertex 2.5 45.5 67.5
      vertex 2.5 45.5 2.5
    endloop
  endfacet
  facet normal 0 0 -1
    outer loop
      vertex 2.5 21.8136 67.5
      vertex 87.5 44 67.5
      vertex 87.5 21.8136 67.5
    endloop
  endfacet
  facet normal -0 0 -1
    outer loop
      vertex 87.5 44 67.5
      vertex 2.5 21.8136 67.5
      vertex 2.5 44 67.5
    endloop
  endfacet
  facet normal 0 0 -1
    outer loop
      vertex 2.5 45.5 67.5
      vertex 87.5 48 67.5
      vertex 87.5 45.5 67.5
    endloop
  endfacet
  facet normal -0 0 -1
    outer loop
      vertex 87.5 48 67.5
      vertex 2.5 45.5 67.5
      vertex 2.5 48 67.5
    endloop
  endfacet
  facet normal 0 0.965926 -0.258817
    outer loop
      vertex 87.5 4.39687 2.5
      vertex 71.525 5.68626 7.31211
      vertex 87.5 5.68626 7.31211
    endloop
  endfacet
  facet normal 0 0.965926 -0.258817
    outer loop
      vertex 71.525 5.68626 7.31211
      vertex 87.5 4.39687 2.5
      vertex 70.525 5.68626 7.31211
    endloop
  endfacet
  facet normal 0 0.965926 -0.258817
    outer loop
      vertex 70.525 5.68626 7.31211
      vertex 87.5 4.39687 2.5
      vertex 60.525 5.68626 7.31211
    endloop
  endfacet
  facet normal 0 0.965926 -0.258817
    outer loop
      vertex 60.525 5.68626 7.31211
      vertex 87.5 4.39687 2.5
      vertex 59.525 5.68626 7.31211
    endloop
  endfacet
  facet normal 0 0.965926 -0.258817
    outer loop
      vertex 59.525 5.68626 7.31211
      vertex 87.5 4.39687 2.5
      vertex 30.475 5.68626 7.31211
    endloop
  endfacet
  facet normal 0 0.965926 -0.258817
    outer loop
      vertex 2.5 4.39687 2.5
      vertex 30.475 5.68626 7.31211
      vertex 87.5 4.39687 2.5
    endloop
  endfacet
  facet normal 0 0.965926 -0.258817
    outer loop
      vertex 30.475 5.68626 7.31211
      vertex 2.5 4.39687 2.5
      vertex 29.475 5.68626 7.31211
    endloop
  endfacet
  facet normal 0 0.965926 -0.258817
    outer loop
      vertex 29.475 5.68626 7.31211
      vertex 2.5 4.39687 2.5
      vertex 19.475 5.68626 7.31211
    endloop
  endfacet
  facet normal 0 0.965926 -0.258817
    outer loop
      vertex 19.475 5.68626 7.31211
      vertex 2.5 4.39687 2.5
      vertex 18.475 5.68626 7.31211
    endloop
  endfacet
  facet normal 0 0.965926 -0.258817
    outer loop
      vertex 18.475 5.68626 7.31211
      vertex 2.5 4.39687 2.5
      vertex 2.5 5.68626 7.31211
    endloop
  endfacet
  facet normal 0 0.965925 -0.25882
    outer loop
      vertex 71.525 5.68626 7.31211
      vertex 70.525 6.33331 9.72692
      vertex 71.525 6.33331 9.72692
    endloop
  endfacet
  facet normal 0 0.965925 -0.25882
    outer loop
      vertex 70.525 6.33331 9.72692
      vertex 71.525 5.68626 7.31211
      vertex 70.525 5.68626 7.31211
    endloop
  endfacet
  facet normal 0 0.965925 -0.25882
    outer loop
      vertex 60.525 5.68626 7.31211
      vertex 59.525 6.33331 9.72692
      vertex 60.525 6.33331 9.72692
    endloop
  endfacet
  facet normal 0 0.965925 -0.25882
    outer loop
      vertex 59.525 6.33331 9.72692
      vertex 60.525 5.68626 7.31211
      vertex 59.525 5.68626 7.31211
    endloop
  endfacet
  facet normal 0 0.965925 -0.25882
    outer loop
      vertex 30.475 5.68626 7.31211
      vertex 29.475 6.33331 9.72692
      vertex 30.475 6.33331 9.72692
    endloop
  endfacet
  facet normal 0 0.965925 -0.25882
    outer loop
      vertex 29.475 6.33331 9.72692
      vertex 30.475 5.68626 7.31211
      vertex 29.475 5.68626 7.31211
    endloop
  endfacet
  facet normal 0 0.965925 -0.25882
    outer loop
      vertex 19.475 5.68626 7.31211
      vertex 18.475 6.33331 9.72692
      vertex 19.475 6.33331 9.72692
    endloop
  endfacet
  facet normal 0 0.965925 -0.25882
    outer loop
      vertex 18.475 6.33331 9.72692
      vertex 19.475 5.68626 7.31211
      vertex 18.475 5.68626 7.31211
    endloop
  endfacet
  facet normal 0 0.965922 -0.258835
    outer loop
      vertex 59.525 19.3778 58.4096
      vertex 75.5 18.886 56.5743
      vertex 30.475 19.3778 58.4096
    endloop
  endfacet
  facet normal 0 0.965922 -0.258835
    outer loop
      vertex 14.5 18.886 56.5743
      vertex 30.475 19.3778 58.4096
      vertex 75.5 18.886 56.5743
    endloop
  endfacet
  facet normal -2.13055e-05 0.966113 -0.258119
    outer loop
      vertex 75.5 18.886 56.5743
      vertex 83.1079 18.9489 56.8091
      vertex 82.9671 18.9435 56.7889
    endloop
  endfacet
  facet normal -1.86874e-06 0.965926 -0.25882
    outer loop
      vertex 6.89212 18.9489 56.8091
      vertex 30.475 19.3778 58.4096
      vertex 14.5 18.886 56.5743
    endloop
  endfacet
  facet normal 6.48597e-05 0.965361 -0.260916
    outer loop
      vertex 75.5 18.886 56.5743
      vertex 82.9671 18.9435 56.7889
      vertex 82.9257 18.9408 56.7789
    endloop
  endfacet
  facet normal 1.82161e-05 0.965852 -0.259096
    outer loop
      vertex 30.475 19.3778 58.4096
      vertex 6.89212 18.9489 56.8091
      vertex 6.75 18.9507 56.8158
    endloop
  endfacet
  facet normal -8.6631e-05 0.966734 -0.255785
    outer loop
      vertex 75.5 18.886 56.5743
      vertex 82.9257 18.9408 56.7789
      vertex 82.8291 18.9346 56.7555
    endloop
  endfacet
  facet normal 2.13039e-05 0.966113 -0.258119
    outer loop
      vertex 6.89212 18.9489 56.8091
      vertex 14.5 18.886 56.5743
      vertex 7.03288 18.9435 56.7889
    endloop
  endfacet
  facet normal -1.01178e-05 0.965965 -0.258674
    outer loop
      vertex 75.5 18.886 56.5743
      vertex 82.8291 18.9346 56.7555
      vertex 82.6951 18.9222 56.7092
    endloop
  endfacet
  facet normal -6.48616e-05 0.965361 -0.260916
    outer loop
      vertex 7.03288 18.9435 56.7889
      vertex 14.5 18.886 56.5743
      vertex 7.07429 18.9408 56.7789
    endloop
  endfacet
  facet normal 3.25795e-05 0.965393 -0.260798
    outer loop
      vertex 75.5 18.886 56.5743
      vertex 82.6951 18.9222 56.7092
      vertex 82.6051 18.9111 56.6681
    endloop
  endfacet
  facet normal 8.66332e-05 0.966734 -0.255785
    outer loop
      vertex 7.07429 18.9408 56.7789
      vertex 14.5 18.886 56.5743
      vertex 7.17091 18.9346 56.7555
    endloop
  endfacet
  facet normal -2.69842e-05 0.966521 -0.256588
    outer loop
      vertex 75.5 18.886 56.5743
      vertex 82.6051 18.9111 56.6681
      vertex 82.5665 18.9064 56.6504
    endloop
  endfacet
  facet normal 1.01177e-05 0.965965 -0.258674
    outer loop
      vertex 7.17091 18.9346 56.7555
      vertex 14.5 18.886 56.5743
      vertex 7.30489 18.9222 56.7092
    endloop
  endfacet
  facet normal 8.4731e-06 0.9657 -0.25966
    outer loop
      vertex 75.5 18.886 56.5743
      vertex 82.5665 18.9064 56.6504
      vertex 82.5299 18.9007 56.6292
    endloop
  endfacet
  facet normal -3.25802e-05 0.965393 -0.260798
    outer loop
      vertex 7.30489 18.9222 56.7092
      vertex 14.5 18.886 56.5743
      vertex 7.39494 18.9111 56.6681
    endloop
  endfacet
  facet normal -4.2301e-06 0.966107 -0.258143
    outer loop
      vertex 75.5 18.886 56.5743
      vertex 82.5299 18.9007 56.6292
      vertex 82.4444 18.8875 56.5798
    endloop
  endfacet
  facet normal 2.69841e-05 0.966521 -0.256588
    outer loop
      vertex 7.39494 18.9111 56.6681
      vertex 14.5 18.886 56.5743
      vertex 7.43353 18.9064 56.6504
    endloop
  endfacet
  facet normal -8.47318e-06 0.9657 -0.25966
    outer loop
      vertex 7.43353 18.9064 56.6504
      vertex 14.5 18.886 56.5743
      vertex 7.47014 18.9007 56.6292
    endloop
  endfacet
  facet normal -3.396e-06 0.965844 -0.259124
    outer loop
      vertex 82.4101 18.8809 56.5552
      vertex 75.5 18.886 56.5743
      vertex 82.4444 18.8875 56.5798
    endloop
  endfacet
  facet normal -4.64064e-06 0.965731 -0.259544
    outer loop
      vertex 82.3301 18.8655 56.4979
      vertex 75.5 18.886 56.5743
      vertex 82.4101 18.8809 56.5552
    endloop
  endfacet
  facet normal 1.25549e-05 0.966115 -0.25811
    outer loop
      vertex 82.2985 18.8581 56.4702
      vertex 75.5 18.886 56.5743
      vertex 82.3301 18.8655 56.4979
    endloop
  endfacet
  facet normal 3.04791e-06 0.965961 -0.25869
    outer loop
      vertex 82.2247 18.8408 56.4056
      vertex 75.5 18.886 56.5743
      vertex 82.2985 18.8581 56.4702
    endloop
  endfacet
  facet normal 5.09565e-07 0.965935 -0.258784
    outer loop
      vertex 82.1291 18.8135 56.3037
      vertex 75.5 18.886 56.5743
      vertex 82.2247 18.8408 56.4056
    endloop
  endfacet
  facet normal -8.08847e-06 0.965883 -0.25898
    outer loop
      vertex 82.0698 18.7928 56.2265
      vertex 75.5 18.886 56.5743
      vertex 82.1291 18.8135 56.3037
    endloop
  endfacet
  facet normal -5.02204e-06 0.965897 -0.258926
    outer loop
      vertex 82.0444 18.7839 56.1933
      vertex 75.5 18.886 56.5743
      vertex 82.0698 18.7928 56.2265
    endloop
  endfacet
  facet normal 9.17474e-05 0.966312 -0.257375
    outer loop
      vertex 82.0224 18.7745 56.158
      vertex 75.5 18.886 56.5743
      vertex 82.0444 18.7839 56.1933
    endloop
  endfacet
  facet normal 1.66791e-05 0.966019 -0.258473
    outer loop
      vertex 81.9712 18.7524 56.0754
      vertex 75.5 18.886 56.5743
      vertex 82.0224 18.7745 56.158
    endloop
  endfacet
  facet normal -0.000106589 0.965618 -0.259965
    outer loop
      vertex 81.9286 18.729 55.9885
      vertex 75.5 18.886 56.5743
      vertex 81.9712 18.7524 56.0754
    endloop
  endfacet
  facet normal 0.000218735 0.966509 -0.256633
    outer loop
      vertex 81.9104 18.7191 55.9512
      vertex 75.5 18.886 56.5743
      vertex 81.9286 18.729 55.9885
    endloop
  endfacet
  facet normal -2.7771e-05 0.965877 -0.259
    outer loop
      vertex 81.8624 18.6844 55.8218
      vertex 75.5 18.886 56.5743
      vertex 81.9104 18.7191 55.9512
    endloop
  endfacet
  facet normal 9.97929e-06 0.965957 -0.258702
    outer loop
      vertex 81.8279 18.6487 55.6885
      vertex 75.5 18.886 56.5743
      vertex 81.8624 18.6844 55.8218
    endloop
  endfacet
  facet normal -6.471e-05 0.965824 -0.2592
    outer loop
      vertex 81.807 18.6122 55.5525
      vertex 75.5 18.886 56.5743
      vertex 81.8279 18.6487 55.6885
    endloop
  endfacet
  facet normal 0.000150311 0.966155 -0.257962
    outer loop
      vertex 81.8049 18.6012 55.5113
      vertex 75.5 18.886 56.5743
      vertex 81.807 18.6122 55.5525
    endloop
  endfacet
  facet normal -8.86924e-05 0.965801 -0.259284
    outer loop
      vertex 81.8 18.5754 55.4152
      vertex 75.5 18.886 56.5743
      vertex 81.8049 18.6012 55.5113
    endloop
  endfacet
  facet normal 0.000175176 0.966159 -0.257946
    outer loop
      vertex 81.8021 18.5644 55.374
      vertex 75.5 18.886 56.5743
      vertex 81.8 18.5754 55.4152
    endloop
  endfacet
  facet normal 9.35045e-05 0.966052 -0.258346
    outer loop
      vertex 81.807 18.5387 55.2779
      vertex 75.5 18.886 56.5743
      vertex 81.8021 18.5644 55.374
    endloop
  endfacet
  facet normal -0.000140241 0.965768 -0.259407
    outer loop
      vertex 81.8279 18.5022 55.142
      vertex 75.5 18.886 56.5743
      vertex 81.807 18.5387 55.2779
    endloop
  endfacet
  facet normal 6.84438e-05 0.965999 -0.258547
    outer loop
      vertex 81.8521 18.4772 55.0486
      vertex 75.5 18.886 56.5743
      vertex 81.8279 18.5022 55.142
    endloop
  endfacet
  facet normal 0.000109464 0.966041 -0.258388
    outer loop
      vertex 81.8624 18.4665 55.0086
      vertex 75.5 18.886 56.5743
      vertex 81.8521 18.4772 55.0486
    endloop
  endfacet
  facet normal -0.000150924 0.965777 -0.259375
    outer loop
      vertex 81.896 18.4422 54.9181
      vertex 75.5 18.886 56.5743
      vertex 81.8624 18.4665 55.0086
    endloop
  endfacet
  facet normal 0.000168948 0.966085 -0.258223
    outer loop
      vertex 81.9104 18.4318 54.8792
      vertex 75.5 18.886 56.5743
      vertex 81.896 18.4422 54.9181
    endloop
  endfacet
  facet normal -0.000254705 0.965685 -0.259717
    outer loop
      vertex 81.9286 18.4218 54.842
      vertex 75.5 18.886 56.5743
      vertex 81.9104 18.4318 54.8792
    endloop
  endfacet
  facet normal 4.53841e-05 0.965964 -0.258678
    outer loop
      vertex 81.9712 18.3985 54.755
      vertex 75.5 18.886 56.5743
      vertex 81.9286 18.4218 54.842
    endloop
  endfacet
  facet normal -2.09045e-05 0.965905 -0.258898
    outer loop
      vertex 82.0444 18.3669 54.6371
      vertex 75.5 18.886 56.5743
      vertex 81.9712 18.3985 54.755
    endloop
  endfacet
  facet normal 6.51963e-05 0.965977 -0.258627
    outer loop
      vertex 82.1037 18.3462 54.5598
      vertex 75.5 18.886 56.5743
      vertex 82.0444 18.3669 54.6371
    endloop
  endfacet
  facet normal 0.000807033 0.966582 -0.256357
    outer loop
      vertex 82.1291 18.3374 54.5267
      vertex 75.5 18.886 56.5743
      vertex 82.1037 18.3462 54.5598
    endloop
  endfacet
  facet normal -2.11841e-05 0.965915 -0.25886
    outer loop
      vertex 82.1578 18.3292 54.4961
      vertex 75.5 18.886 56.5743
      vertex 82.1291 18.3374 54.5267
    endloop
  endfacet
  facet normal 1.78991e-05 0.965946 -0.258743
    outer loop
      vertex 82.2247 18.3101 54.4248
      vertex 75.5 18.886 56.5743
      vertex 82.1578 18.3292 54.4961
    endloop
  endfacet
  facet normal 5.881e-05 0.965978 -0.258624
    outer loop
      vertex 82.2985 18.2928 54.3602
      vertex 75.5 18.886 56.5743
      vertex 82.2247 18.3101 54.4248
    endloop
  endfacet
  facet normal -0.00141938 0.964834 -0.262856
    outer loop
      vertex 82.3301 18.2853 54.3325
      vertex 75.5 18.886 56.5743
      vertex 82.2985 18.2928 54.3602
    endloop
  endfacet
  facet normal 0.00155527 0.967098 -0.2544
    outer loop
      vertex 82.3644 18.2788 54.308
      vertex 75.5 18.886 56.5743
      vertex 82.3301 18.2853 54.3325
    endloop
  endfacet
  facet normal -0.000493921 0.965556 -0.260193
    outer loop
      vertex 82.4444 18.2634 54.2507
      vertex 75.5 18.886 56.5743
      vertex 82.3644 18.2788 54.308
    endloop
  endfacet
  facet normal 0.000474521 0.96628 -0.257493
    outer loop
      vertex 82.5665 18.2445 54.18
      vertex 75.5 18.886 56.5743
      vertex 82.4444 18.2634 54.2507
    endloop
  endfacet
  facet normal 0.000334619 0.965926 -0.25882
    outer loop
      vertex 82.5665 7.46662 13.9565
      vertex 82.5665 18.2445 54.18
      vertex 82.6951 18.2287 54.1212
    endloop
  endfacet
  facet normal -4.34811e-05 0.965926 -0.258819
    outer loop
      vertex 82.6951 7.48237 14.0153
      vertex 82.6951 18.2287 54.1212
      vertex 82.8291 18.2163 54.0749
    endloop
  endfacet
  facet normal -0.000149966 0.965926 -0.25882
    outer loop
      vertex 83.25 7.51094 14.1219
      vertex 83.1079 18.202 54.0214
      vertex 83.25 18.2002 54.0146
    endloop
  endfacet
  facet normal -0.000103238 0.965926 -0.25882
    outer loop
      vertex 83.1505 7.50967 14.1172
      vertex 83.1079 18.202 54.0214
      vertex 83.25 7.51094 14.1219
    endloop
  endfacet
  facet normal 0.000514566 0.965926 -0.258819
    outer loop
      vertex 83.1079 7.50913 14.1151
      vertex 83.1079 18.202 54.0214
      vertex 83.1505 7.50967 14.1172
    endloop
  endfacet
  facet normal 9.75299e-05 0.965926 -0.258819
    outer loop
      vertex 83.1079 18.202 54.0214
      vertex 83.1079 7.50913 14.1151
      vertex 82.9671 18.2074 54.0415
    endloop
  endfacet
  facet normal -9.74317e-05 0.965926 -0.25882
    outer loop
      vertex 82.9671 7.50373 14.095
      vertex 82.9671 18.2074 54.0415
      vertex 83.1079 7.50913 14.1151
    endloop
  endfacet
  facet normal -0.000346714 0.965926 -0.25882
    outer loop
      vertex 82.9671 18.2074 54.0415
      vertex 82.9671 7.50373 14.095
      vertex 82.8291 18.2163 54.0749
    endloop
  endfacet
  facet normal -0.000245035 0.965926 -0.25882
    outer loop
      vertex 82.9257 7.50104 14.085
      vertex 82.8291 18.2163 54.0749
      vertex 82.9671 7.50373 14.095
    endloop
  endfacet
  facet normal 0.000100037 0.965926 -0.258819
    outer loop
      vertex 82.8291 7.49478 14.0616
      vertex 82.8291 18.2163 54.0749
      vertex 82.9257 7.50104 14.085
    endloop
  endfacet
  facet normal -2.85857e-05 0.965926 -0.258819
    outer loop
      vertex 82.6951 7.48237 14.0153
      vertex 82.8291 18.2163 54.0749
      vertex 82.8291 7.49478 14.0616
    endloop
  endfacet
  facet normal 0.000567913 0.965926 -0.258819
    outer loop
      vertex 82.6951 18.2287 54.1212
      vertex 82.6951 7.48237 14.0153
      vertex 82.6565 7.47765 13.9976
    endloop
  endfacet
  facet normal -0.000186026 0.965926 -0.258818
    outer loop
      vertex 82.6951 18.2287 54.1212
      vertex 82.6565 7.47765 13.9976
      vertex 82.5665 7.46662 13.9565
    endloop
  endfacet
  facet normal -7.14602e-06 0.965926 -0.25882
    outer loop
      vertex 82.5665 18.2445 54.18
      vertex 82.5665 7.46662 13.9565
      vertex 75.5 18.886 56.5743
    endloop
  endfacet
  facet normal -0.000214753 0.966084 -0.258227
    outer loop
      vertex 75.5 6.82507 11.5622
      vertex 82.5665 7.46662 13.9565
      vertex 82.481 7.45337 13.907
    endloop
  endfacet
  facet normal -2.32407e-05 0.965942 -0.258759
    outer loop
      vertex 75.5 6.82507 11.5622
      vertex 82.481 7.45337 13.907
      vertex 82.4444 7.44769 13.8858
    endloop
  endfacet
  facet normal 0.000157957 0.965806 -0.259265
    outer loop
      vertex 75.5 6.82507 11.5622
      vertex 82.4444 7.44769 13.8858
      vertex 82.3301 7.42575 13.804
    endloop
  endfacet
  facet normal -7.47488e-06 0.965932 -0.258794
    outer loop
      vertex 75.5 6.82507 11.5622
      vertex 82.3301 7.42575 13.804
      vertex 82.2247 7.40102 13.7117
    endloop
  endfacet
  facet normal -5.92968e-05 0.965973 -0.258643
    outer loop
      vertex 75.5 6.82507 11.5622
      vertex 82.2247 7.40102 13.7117
      vertex 82.1291 7.37373 13.6098
    endloop
  endfacet
  facet normal -7.01588e-06 0.965931 -0.258801
    outer loop
      vertex 75.5 6.82507 11.5622
      vertex 82.1291 7.37373 13.6098
      vertex 82.0444 7.34415 13.4994
    endloop
  endfacet
  facet normal -5.19022e-06 0.965929 -0.258807
    outer loop
      vertex 75.5 6.82507 11.5622
      vertex 82.0444 7.34415 13.4994
      vertex 81.9712 7.31256 13.3815
    endloop
  endfacet
  facet normal 2.54175e-05 0.965902 -0.258908
    outer loop
      vertex 75.5 6.82507 11.5622
      vertex 81.9712 7.31256 13.3815
      vertex 81.9104 7.27927 13.2573
    endloop
  endfacet
  facet normal 1.62521e-05 0.965911 -0.258876
    outer loop
      vertex 75.5 6.82507 11.5622
      vertex 81.9104 7.27927 13.2573
      vertex 81.8624 7.24459 13.1279
    endloop
  endfacet
  facet normal 1.41988e-05 0.965913 -0.258868
    outer loop
      vertex 75.5 6.82507 11.5622
      vertex 81.8624 7.24459 13.1279
      vertex 81.8521 7.23387 13.0879
    endloop
  endfacet
  facet normal -6.84438e-05 0.965999 -0.258547
    outer loop
      vertex 75.5 6.82507 11.5622
      vertex 81.8521 7.23387 13.0879
      vertex 81.8279 7.20887 12.9945
    endloop
  endfacet
  facet normal 6.41868e-05 0.965852 -0.259094
    outer loop
      vertex 75.5 6.82507 11.5622
      vertex 81.8279 7.20887 12.9945
      vertex 81.8132 7.18336 12.8994
    endloop
  endfacet
  facet normal -6.20317e-05 0.966001 -0.258538
    outer loop
      vertex 75.5 6.82507 11.5622
      vertex 81.8132 7.18336 12.8994
      vertex 81.807 7.17244 12.8586
    endloop
  endfacet
  facet normal 2.29905e-06 0.965923 -0.25883
    outer loop
      vertex 75.5 6.82507 11.5622
      vertex 81.807 7.17244 12.8586
      vertex 81.8049 7.1614 12.8174
    endloop
  endfacet
  facet normal 1.40118e-07 0.965926 -0.25882
    outer loop
      vertex 75.5 6.82507 11.5622
      vertex 81.8049 7.1614 12.8174
      vertex 81.8 7.13565 12.7213
    endloop
  endfacet
  facet normal -4.06422e-05 0.965981 -0.258613
    outer loop
      vertex 75.5 6.82507 11.5622
      vertex 81.8 7.13565 12.7213
      vertex 81.8021 7.12462 12.6801
    endloop
  endfacet
  facet normal -1.31191e-06 0.965926 -0.25882
    outer loop
      vertex 75.5 6.82507 11.5622
      vertex 81.8021 7.12462 12.6801
      vertex 81.807 7.09887 12.584
    endloop
  endfacet
  facet normal 1.10716e-05 0.9659 -0.258916
    outer loop
      vertex 75.5 6.82507 11.5622
      vertex 81.8382 7.05172 12.408
      vertex 81.8624 7.02671 12.3147
    endloop
  endfacet
  facet normal -8.51993e-08 0.965926 -0.258819
    outer loop
      vertex 82.5665 7.46662 13.9565
      vertex 75.5 6.82507 11.5622
      vertex 75.5 18.886 56.5743
    endloop
  endfacet
  facet normal 5.61962e-07 0.965923 -0.258831
    outer loop
      vertex 81.8216 7.07336 12.4888
      vertex 75.5 6.82507 11.5622
      vertex 81.807 7.09887 12.584
    endloop
  endfacet
  facet normal -4.30701e-05 0.965997 -0.258553
    outer loop
      vertex 81.8279 7.06244 12.448
      vertex 75.5 6.82507 11.5622
      vertex 81.8216 7.07336 12.4888
    endloop
  endfacet
  facet normal 3.59492e-06 0.965914 -0.258864
    outer loop
      vertex 81.8382 7.05172 12.408
      vertex 75.5 6.82507 11.5622
      vertex 81.8279 7.06244 12.448
    endloop
  endfacet
  facet normal 5.03965e-06 0.965913 -0.258869
    outer loop
      vertex 81.9104 6.99203 12.1853
      vertex 75.5 6.82507 11.5622
      vertex 81.8624 7.02671 12.3147
    endloop
  endfacet
  facet normal 7.60513e-06 0.965906 -0.258893
    outer loop
      vertex 81.9712 6.95874 12.0611
      vertex 75.5 6.82507 11.5622
      vertex 81.9104 6.99203 12.1853
    endloop
  endfacet
  facet normal 6.74178e-07 0.965928 -0.258809
    outer loop
      vertex 82.0444 6.92715 11.9432
      vertex 75.5 6.82507 11.5622
      vertex 81.9712 6.95874 12.0611
    endloop
  endfacet
  facet normal 4.45357e-07 0.965929 -0.258806
    outer loop
      vertex 82.1291 6.89757 11.8328
      vertex 75.5 6.82507 11.5622
      vertex 82.0444 6.92715 11.9432
    endloop
  endfacet
  facet normal -4.23638e-06 0.965958 -0.258699
    outer loop
      vertex 82.2247 6.87028 11.7309
      vertex 75.5 6.82507 11.5622
      vertex 82.1291 6.89757 11.8328
    endloop
  endfacet
  facet normal -1.41e-06 0.96593 -0.258804
    outer loop
      vertex 82.3301 6.84555 11.6386
      vertex 75.5 6.82507 11.5622
      vertex 82.2247 6.87028 11.7309
    endloop
  endfacet
  facet normal -2.11733e-06 0.96586 -0.259065
    outer loop
      vertex 82.5299 6.81036 11.5073
      vertex 75.5 6.82507 11.5622
      vertex 82.4444 6.82361 11.5567
    endloop
  endfacet
  facet normal -1.86347e-06 0.96594 -0.258766
    outer loop
      vertex 82.4444 6.82361 11.5567
      vertex 75.5 6.82507 11.5622
      vertex 82.3301 6.84555 11.6386
    endloop
  endfacet
  facet normal -3.38069e-05 0.965934 -0.258788
    outer loop
      vertex 83.1079 18.9489 56.8091
      vertex 86.05 19.3778 58.4096
      vertex 83.25 18.9507 56.8158
    endloop
  endfacet
  facet normal 2.88203e-06 0.965917 -0.258851
    outer loop
      vertex 75.5 18.886 56.5743
      vertex 86.05 19.3778 58.4096
      vertex 83.1079 18.9489 56.8091
    endloop
  endfacet
  facet normal 0 0.965922 -0.258835
    outer loop
      vertex 86.05 19.3778 58.4096
      vertex 75.5 18.886 56.5743
      vertex 71.525 19.3778 58.4096
    endloop
  endfacet
  facet normal 0 0.965922 -0.258835
    outer loop
      vertex 71.525 19.3778 58.4096
      vertex 75.5 18.886 56.5743
      vertex 70.525 19.3778 58.4096
    endloop
  endfacet
  facet normal 0 0.965922 -0.258835
    outer loop
      vertex 70.525 19.3778 58.4096
      vertex 75.5 18.886 56.5743
      vertex 60.525 19.3778 58.4096
    endloop
  endfacet
  facet normal 0 0.965922 -0.258835
    outer loop
      vertex 60.525 19.3778 58.4096
      vertex 75.5 18.886 56.5743
      vertex 59.525 19.3778 58.4096
    endloop
  endfacet
  facet normal 0 0.965919 -0.258843
    outer loop
      vertex 30.475 19.3778 58.4096
      vertex 6.75 18.9507 56.8158
      vertex 29.475 19.3778 58.4096
    endloop
  endfacet
  facet normal 0 0.965919 -0.258843
    outer loop
      vertex 29.475 19.3778 58.4096
      vertex 6.75 18.9507 56.8158
      vertex 19.475 19.3778 58.4096
    endloop
  endfacet
  facet normal 0 0.965919 -0.258843
    outer loop
      vertex 19.475 19.3778 58.4096
      vertex 6.75 18.9507 56.8158
      vertex 18.475 19.3778 58.4096
    endloop
  endfacet
  facet normal 2.86339e-05 0.965907 -0.25889
    outer loop
      vertex 86.05 19.3778 58.4096
      vertex 83.3921 18.9489 56.8091
      vertex 83.25 18.9507 56.8158
    endloop
  endfacet
  facet normal -7.29724e-05 0.965949 -0.258733
    outer loop
      vertex 86.05 19.3778 58.4096
      vertex 83.5329 18.9435 56.7889
      vertex 83.3921 18.9489 56.8091
    endloop
  endfacet
  facet normal 0.000344266 0.965787 -0.259337
    outer loop
      vertex 86.05 19.3778 58.4096
      vertex 83.5743 18.9408 56.7789
      vertex 83.5329 18.9435 56.7889
    endloop
  endfacet
  facet normal -0.000517725 0.966114 -0.258116
    outer loop
      vertex 86.05 19.3778 58.4096
      vertex 83.6709 18.9346 56.7555
      vertex 83.5743 18.9408 56.7789
    endloop
  endfacet
  facet normal -2.71323e-05 0.965938 -0.258775
    outer loop
      vertex 86.05 19.3778 58.4096
      vertex 83.8049 18.9222 56.7092
      vertex 83.6709 18.9346 56.7555
    endloop
  endfacet
  facet normal 0.000587685 0.965734 -0.259532
    outer loop
      vertex 86.05 19.3778 58.4096
      vertex 83.8949 18.9111 56.6681
      vertex 83.8049 18.9222 56.7092
    endloop
  endfacet
  facet normal -0.00069264 0.96613 -0.258054
    outer loop
      vertex 86.05 19.3778 58.4096
      vertex 83.9335 18.9064 56.6504
      vertex 83.8949 18.9111 56.6681
    endloop
  endfacet
  facet normal 0.00029844 0.965833 -0.259166
    outer loop
      vertex 86.05 19.3778 58.4096
      vertex 83.9701 18.9007 56.6292
      vertex 83.9335 18.9064 56.6504
    endloop
  endfacet
  facet normal -0.000255582 0.965995 -0.258562
    outer loop
      vertex 86.05 19.3778 58.4096
      vertex 84.0556 18.8875 56.5798
      vertex 83.9701 18.9007 56.6292
    endloop
  endfacet
  facet normal 0.000132155 0.965889 -0.258957
    outer loop
      vertex 86.05 19.3778 58.4096
      vertex 84.0899 18.8809 56.5552
      vertex 84.0556 18.8875 56.5798
    endloop
  endfacet
  facet normal 0.000316394 0.96584 -0.259138
    outer loop
      vertex 86.05 19.3778 58.4096
      vertex 84.1699 18.8655 56.4979
      vertex 84.0899 18.8809 56.5552
    endloop
  endfacet
  facet normal -0.000378973 0.966011 -0.2585
    outer loop
      vertex 86.05 19.3778 58.4096
      vertex 84.2015 18.8581 56.4702
      vertex 84.1699 18.8655 56.4979
    endloop
  endfacet
  facet normal -7.72631e-05 0.965939 -0.258769
    outer loop
      vertex 86.05 19.3778 58.4096
      vertex 84.2753 18.8408 56.4056
      vertex 84.2015 18.8581 56.4702
    endloop
  endfacet
  facet normal -2.87892e-05 0.965929 -0.258809
    outer loop
      vertex 86.05 19.3778 58.4096
      vertex 84.3709 18.8135 56.3037
      vertex 84.2753 18.8408 56.4056
    endloop
  endfacet
  facet normal 0.000106911 0.965902 -0.25891
    outer loop
      vertex 86.05 19.3778 58.4096
      vertex 84.4302 18.7928 56.2265
      vertex 84.3709 18.8135 56.3037
    endloop
  endfacet
  facet normal 6.71187e-05 0.965909 -0.258882
    outer loop
      vertex 86.05 19.3778 58.4096
      vertex 84.4556 18.7839 56.1933
      vertex 84.4302 18.7928 56.2265
    endloop
  endfacet
  facet normal -0.00120904 0.966137 -0.258025
    outer loop
      vertex 86.05 19.3778 58.4096
      vertex 84.4776 18.7745 56.158
      vertex 84.4556 18.7839 56.1933
    endloop
  endfacet
  facet normal -0.000284558 0.965977 -0.258628
    outer loop
      vertex 86.05 19.3778 58.4096
      vertex 84.5288 18.7524 56.0754
      vertex 84.4776 18.7745 56.158
    endloop
  endfacet
  facet normal 0.00113832 0.965744 -0.259493
    outer loop
      vertex 86.05 19.3778 58.4096
      vertex 84.5714 18.729 55.9885
      vertex 84.5288 18.7524 56.0754
    endloop
  endfacet
  facet normal -0.00225311 0.96626 -0.25756
    outer loop
      vertex 86.05 19.3778 58.4096
      vertex 84.5896 18.7191 55.9512
      vertex 84.5714 18.729 55.9885
    endloop
  endfacet
  facet normal 0.000222454 0.965895 -0.258933
    outer loop
      vertex 86.05 19.3778 58.4096
      vertex 84.6376 18.6844 55.8218
      vertex 84.5896 18.7191 55.9512
    endloop
  endfacet
  facet normal -0.000159256 0.965947 -0.258738
    outer loop
      vertex 86.05 19.3778 58.4096
      vertex 84.6721 18.6487 55.6885
      vertex 84.6376 18.6844 55.8218
    endloop
  endfacet
  facet normal 0.000642736 0.965846 -0.259117
    outer loop
      vertex 86.05 19.3778 58.4096
      vertex 84.693 18.6122 55.5525
      vertex 84.6721 18.6487 55.6885
    endloop
  endfacet
  facet normal -0.00178874 0.966133 -0.258039
    outer loop
      vertex 86.05 19.3778 58.4096
      vertex 84.6951 18.6012 55.5113
      vertex 84.693 18.6122 55.5525
    endloop
  endfacet
  facet normal 0.000968972 0.965812 -0.259242
    outer loop
      vertex 86.05 19.3778 58.4096
      vertex 84.7 18.5754 55.4152
      vertex 84.6951 18.6012 55.5113
    endloop
  endfacet
  facet normal -0.00235965 0.966184 -0.257842
    outer loop
      vertex 86.05 19.3778 58.4096
      vertex 84.6979 18.5644 55.374
      vertex 84.7 18.5754 55.4152
    endloop
  endfacet
  facet normal -0.00128308 0.966067 -0.25829
    outer loop
      vertex 86.05 19.3778 58.4096
      vertex 84.693 18.5387 55.2779
      vertex 84.6979 18.5644 55.374
    endloop
  endfacet
  facet normal 0.00221899 0.965685 -0.259705
    outer loop
      vertex 86.05 19.3778 58.4096
      vertex 84.6721 18.5022 55.142
      vertex 84.693 18.5387 55.2779
    endloop
  endfacet
  facet normal -0.00177256 0.966107 -0.258135
    outer loop
      vertex 86.05 19.3778 58.4096
      vertex 84.6479 18.4772 55.0486
      vertex 84.6721 18.5022 55.142
    endloop
  endfacet
  facet normal -0.00275922 0.966208 -0.25775
    outer loop
      vertex 86.05 19.3778 58.4096
      vertex 84.6376 18.4665 55.0086
      vertex 84.6479 18.4772 55.0486
    endloop
  endfacet
  facet normal 0.0122204 0.964573 -0.263533
    outer loop
      vertex 86.05 19.3778 58.4096
      vertex 84.604 18.4422 54.9181
      vertex 84.6376 18.4665 55.0086
    endloop
  endfacet
  facet normal -0.0134819 0.967216 -0.253597
    outer loop
      vertex 86.05 19.3778 58.4096
      vertex 84.5896 18.4318 54.8792
      vertex 84.604 18.4422 54.9181
    endloop
  endfacet
  facet normal -0.777786 -0.0930819 0.621598
    outer loop
      vertex 84.4556 18.3669 54.6371
      vertex 84.3709 18.3374 54.5267
      vertex 84.3963 18.3462 54.5598
    endloop
  endfacet
  facet normal -0.211171 -0.876359 0.4329
    outer loop
      vertex 84.3709 18.3374 54.5267
      vertex 84.2753 18.3101 54.4248
      vertex 84.3422 18.3292 54.4961
    endloop
  endfacet
  facet normal 0.000149966 0.965926 -0.25882
    outer loop
      vertex 83.3921 18.202 54.0214
      vertex 83.25 7.51094 14.1219
      vertex 83.25 18.2002 54.0146
    endloop
  endfacet
  facet normal -9.75299e-05 0.965926 -0.258819
    outer loop
      vertex 83.3921 7.50913 14.1151
      vertex 83.3921 18.202 54.0214
      vertex 83.5329 18.2074 54.0415
    endloop
  endfacet
  facet normal 0.000346714 0.965926 -0.25882
    outer loop
      vertex 83.5329 7.50373 14.095
      vertex 83.5329 18.2074 54.0415
      vertex 83.6709 18.2163 54.0749
    endloop
  endfacet
  facet normal 4.34983e-05 0.965926 -0.258819
    outer loop
      vertex 83.6709 7.49478 14.0616
      vertex 83.6709 18.2163 54.0749
      vertex 83.8049 18.2287 54.1212
    endloop
  endfacet
  facet normal -0.000335049 0.965926 -0.258819
    outer loop
      vertex 83.8049 7.48237 14.0153
      vertex 83.8049 18.2287 54.1212
      vertex 83.9335 18.2445 54.18
    endloop
  endfacet
  facet normal 0.000348501 0.965926 -0.25882
    outer loop
      vertex 83.9335 7.46662 13.9565
      vertex 83.9335 18.2445 54.18
      vertex 84.0556 18.2634 54.2507
    endloop
  endfacet
  facet normal -0.000562135 0.965926 -0.258818
    outer loop
      vertex 84.0556 7.44769 13.8858
      vertex 84.0556 18.2634 54.2507
      vertex 84.1356 18.2788 54.308
    endloop
  endfacet
  facet normal 0.0018264 0.965923 -0.258822
    outer loop
      vertex 84.0556 7.44769 13.8858
      vertex 84.1356 18.2788 54.308
      vertex 84.1699 18.2853 54.3325
    endloop
  endfacet
  facet normal -0.00237896 0.965923 -0.258818
    outer loop
      vertex 84.1699 7.42575 13.804
      vertex 84.1699 18.2853 54.3325
      vertex 84.2015 18.2928 54.3602
    endloop
  endfacet
  facet normal 0.00012568 0.965926 -0.25882
    outer loop
      vertex 84.1699 7.42575 13.804
      vertex 84.2015 18.2928 54.3602
      vertex 84.2753 18.3101 54.4248
    endloop
  endfacet
  facet normal 4.1599e-05 0.965926 -0.25882
    outer loop
      vertex 84.2753 7.40102 13.7117
      vertex 84.2753 18.3101 54.4248
      vertex 84.3709 18.3374 54.5267
    endloop
  endfacet
  facet normal 0.000931074 0.965925 -0.258819
    outer loop
      vertex 84.3709 7.37373 13.6098
      vertex 84.3709 18.3374 54.5267
      vertex 84.4556 18.3669 54.6371
    endloop
  endfacet
  facet normal -0.000118394 0.965926 -0.258818
    outer loop
      vertex 84.4556 7.34415 13.4994
      vertex 84.4556 18.3669 54.6371
      vertex 84.5288 18.3985 54.755
    endloop
  endfacet
  facet normal 0.000259897 0.965926 -0.258818
    outer loop
      vertex 84.5288 7.31256 13.3815
      vertex 84.5288 18.3985 54.755
      vertex 84.5714 18.4218 54.842
    endloop
  endfacet
  facet normal -0.00172055 0.965925 -0.258816
    outer loop
      vertex 84.5288 7.31256 13.3815
      vertex 84.5714 18.4218 54.842
      vertex 84.5896 18.4318 54.8792
    endloop
  endfacet
  facet normal -2.26524e-05 0.965926 -0.258819
    outer loop
      vertex 84.5896 7.27927 13.2573
      vertex 84.5896 18.4318 54.8792
      vertex 86.05 19.3778 58.4096
    endloop
  endfacet
  facet normal 0.000103238 0.965926 -0.25882
    outer loop
      vertex 83.3921 18.202 54.0214
      vertex 83.3495 7.50967 14.1172
      vertex 83.25 7.51094 14.1219
    endloop
  endfacet
  facet normal -0.000514566 0.965926 -0.258819
    outer loop
      vertex 83.3921 18.202 54.0214
      vertex 83.3921 7.50913 14.1151
      vertex 83.3495 7.50967 14.1172
    endloop
  endfacet
  facet normal 9.74317e-05 0.965926 -0.25882
    outer loop
      vertex 83.5329 18.2074 54.0415
      vertex 83.5329 7.50373 14.095
      vertex 83.3921 7.50913 14.1151
    endloop
  endfacet
  facet normal 0.000245035 0.965926 -0.25882
    outer loop
      vertex 83.6709 18.2163 54.0749
      vertex 83.5743 7.50104 14.085
      vertex 83.5329 7.50373 14.095
    endloop
  endfacet
  facet normal -0.000100037 0.965926 -0.258819
    outer loop
      vertex 83.6709 18.2163 54.0749
      vertex 83.6709 7.49478 14.0616
      vertex 83.5743 7.50104 14.085
    endloop
  endfacet
  facet normal 2.86029e-05 0.965926 -0.258819
    outer loop
      vertex 83.8049 18.2287 54.1212
      vertex 83.8049 7.48237 14.0153
      vertex 83.6709 7.49478 14.0616
    endloop
  endfacet
  facet normal -0.000567572 0.965926 -0.258818
    outer loop
      vertex 83.9335 18.2445 54.18
      vertex 83.8435 7.47765 13.9976
      vertex 83.8049 7.48237 14.0153
    endloop
  endfacet
  facet normal 0.000185264 0.965926 -0.25882
    outer loop
      vertex 83.9335 18.2445 54.18
      vertex 83.9335 7.46662 13.9565
      vertex 83.8435 7.47765 13.9976
    endloop
  endfacet
  facet normal -0.000151824 0.965926 -0.258818
    outer loop
      vertex 84.0556 18.2634 54.2507
      vertex 84.019 7.45337 13.907
      vertex 83.9335 7.46662 13.9565
    endloop
  endfacet
  facet normal -1.3351e-05 0.965926 -0.258818
    outer loop
      vertex 84.0556 18.2634 54.2507
      vertex 84.0556 7.44769 13.8858
      vertex 84.019 7.45337 13.907
    endloop
  endfacet
  facet normal 0.000184348 0.965926 -0.258818
    outer loop
      vertex 84.1699 18.2853 54.3325
      vertex 84.1699 7.42575 13.804
      vertex 84.0556 7.44769 13.8858
    endloop
  endfacet
  facet normal -1.64593e-05 0.965926 -0.25882
    outer loop
      vertex 84.2753 18.3101 54.4248
      vertex 84.2753 7.40102 13.7117
      vertex 84.1699 7.42575 13.804
    endloop
  endfacet
  facet normal -0.000142178 0.965926 -0.258819
    outer loop
      vertex 84.3709 18.3374 54.5267
      vertex 84.3709 7.37373 13.6098
      vertex 84.2753 7.40102 13.7117
    endloop
  endfacet
  facet normal -1.61989e-05 0.965926 -0.258818
    outer loop
      vertex 84.4556 18.3669 54.6371
      vertex 84.4556 7.34415 13.4994
      vertex 84.3709 7.37373 13.6098
    endloop
  endfacet
  facet normal -1.38615e-05 0.965926 -0.258818
    outer loop
      vertex 84.5288 18.3985 54.755
      vertex 84.5288 7.31256 13.3815
      vertex 84.4556 7.34415 13.4994
    endloop
  endfacet
  facet normal 0.000171315 0.965926 -0.258819
    outer loop
      vertex 84.5896 18.4318 54.8792
      vertex 84.5896 7.27927 13.2573
      vertex 84.5288 7.31256 13.3815
    endloop
  endfacet
  facet normal 0.000136091 0.965925 -0.258823
    outer loop
      vertex 86.05 19.3778 58.4096
      vertex 84.6376 7.24459 13.1279
      vertex 84.5896 7.27927 13.2573
    endloop
  endfacet
  facet normal -6.98138e-06 0.965926 -0.258819
    outer loop
      vertex 86.05 6.33331 9.72692
      vertex 84.6376 7.24459 13.1279
      vertex 86.05 19.3778 58.4096
    endloop
  endfacet
  facet normal -0.000328727 0.965892 -0.258944
    outer loop
      vertex 84.6376 7.24459 13.1279
      vertex 86.05 6.33331 9.72692
      vertex 84.6479 7.23387 13.0879
    endloop
  endfacet
  facet normal 0.00170953 0.966103 -0.25815
    outer loop
      vertex 84.6479 7.23387 13.0879
      vertex 86.05 6.33331 9.72692
      vertex 84.6721 7.20887 12.9945
    endloop
  endfacet
  facet normal -0.00104965 0.965813 -0.259236
    outer loop
      vertex 84.6721 7.20887 12.9945
      vertex 86.05 6.33331 9.72692
      vertex 84.6868 7.18336 12.8994
    endloop
  endfacet
  facet normal 0.00103615 0.966038 -0.2584
    outer loop
      vertex 84.6868 7.18336 12.8994
      vertex 86.05 6.33331 9.72692
      vertex 84.693 7.17244 12.8586
    endloop
  endfacet
  facet normal -3.11558e-05 0.965923 -0.258831
    outer loop
      vertex 84.693 7.17244 12.8586
      vertex 86.05 6.33331 9.72692
      vertex 84.6951 7.1614 12.8174
    endloop
  endfacet
  facet normal -1.58188e-05 0.965923 -0.258828
    outer loop
      vertex 86.05 6.33331 9.72692
      vertex 84.6784 7.07336 12.4888
      vertex 84.693 7.09887 12.584
    endloop
  endfacet
  facet normal -9.00288e-05 0.9659 -0.258916
    outer loop
      vertex 86.05 6.33331 9.72692
      vertex 83.9701 6.81036 11.5073
      vertex 84.0556 6.82361 11.5567
    endloop
  endfacet
  facet normal -8.73487e-06 0.965923 -0.258831
    outer loop
      vertex 86.05 6.33331 9.72692
      vertex 83.6295 6.77384 11.371
      vertex 83.6709 6.77652 11.381
    endloop
  endfacet
  facet normal 0 0.965926 -0.258818
    outer loop
      vertex 3.95 6.33331 9.72692
      vertex 14.5 6.82507 11.5622
      vertex 86.05 6.33331 9.72692
    endloop
  endfacet
  facet normal -0.000295396 0.965796 -0.259302
    outer loop
      vertex 83.2926 6.76091 11.3227
      vertex 86.05 6.33331 9.72692
      vertex 83.25 6.76036 11.3207
    endloop
  endfacet
  facet normal -5.4151e-06 0.965922 -0.258835
    outer loop
      vertex 83.3921 6.76217 11.3274
      vertex 86.05 6.33331 9.72692
      vertex 83.2926 6.76091 11.3227
    endloop
  endfacet
  facet normal 7.05502e-05 0.965953 -0.258717
    outer loop
      vertex 83.5329 6.76757 11.3476
      vertex 86.05 6.33331 9.72692
      vertex 83.3921 6.76217 11.3274
    endloop
  endfacet
  facet normal 9.14559e-08 0.965926 -0.258819
    outer loop
      vertex 83.6295 6.77384 11.371
      vertex 86.05 6.33331 9.72692
      vertex 83.5329 6.76757 11.3476
    endloop
  endfacet
  facet normal -1.8951e-05 0.965919 -0.258845
    outer loop
      vertex 83.8049 6.78893 11.4273
      vertex 86.05 6.33331 9.72692
      vertex 83.6709 6.77652 11.381
    endloop
  endfacet
  facet normal -6.32151e-05 0.965904 -0.258899
    outer loop
      vertex 83.8435 6.79365 11.4449
      vertex 86.05 6.33331 9.72692
      vertex 83.8049 6.78893 11.4273
    endloop
  endfacet
  facet normal 6.56561e-05 0.965946 -0.258745
    outer loop
      vertex 83.9335 6.80468 11.4861
      vertex 86.05 6.33331 9.72692
      vertex 83.8435 6.79365 11.4449
    endloop
  endfacet
  facet normal 7.97103e-06 0.965928 -0.25881
    outer loop
      vertex 83.9701 6.81036 11.5073
      vertex 86.05 6.33331 9.72692
      vertex 83.9335 6.80468 11.4861
    endloop
  endfacet
  facet normal 2.64424e-05 0.965931 -0.258798
    outer loop
      vertex 84.1699 6.84555 11.6386
      vertex 86.05 6.33331 9.72692
      vertex 84.0556 6.82361 11.5567
    endloop
  endfacet
  facet normal 1.00594e-05 0.965927 -0.258813
    outer loop
      vertex 84.2753 6.87028 11.7309
      vertex 86.05 6.33331 9.72692
      vertex 84.1699 6.84555 11.6386
    endloop
  endfacet
  facet normal 7.42537e-05 0.965942 -0.25876
    outer loop
      vertex 84.3709 6.89757 11.8328
      vertex 86.05 6.33331 9.72692
      vertex 84.2753 6.87028 11.7309
    endloop
  endfacet
  facet normal 6.30319e-06 0.965928 -0.258811
    outer loop
      vertex 84.4556 6.92715 11.9432
      vertex 86.05 6.33331 9.72692
      vertex 84.3709 6.89757 11.8328
    endloop
  endfacet
  facet normal 4.00149e-06 0.965928 -0.258812
    outer loop
      vertex 84.5288 6.95874 12.0611
      vertex 86.05 6.33331 9.72692
      vertex 84.4556 6.92715 11.9432
    endloop
  endfacet
  facet normal -7.72092e-05 0.965914 -0.258861
    outer loop
      vertex 84.5896 6.99203 12.1853
      vertex 86.05 6.33331 9.72692
      vertex 84.5288 6.95874 12.0611
    endloop
  endfacet
  facet normal -5.74255e-05 0.965917 -0.258851
    outer loop
      vertex 84.6376 7.02671 12.3147
      vertex 86.05 6.33331 9.72692
      vertex 84.5896 6.99203 12.1853
    endloop
  endfacet
  facet normal -0.000129968 0.965907 -0.258887
    outer loop
      vertex 84.6618 7.05172 12.408
      vertex 86.05 6.33331 9.72692
      vertex 84.6376 7.02671 12.3147
    endloop
  endfacet
  facet normal -5.55039e-05 0.965917 -0.258851
    outer loop
      vertex 84.6721 7.06244 12.448
      vertex 86.05 6.33331 9.72692
      vertex 84.6618 7.05172 12.408
    endloop
  endfacet
  facet normal 0.000451782 0.965981 -0.258612
    outer loop
      vertex 84.6784 7.07336 12.4888
      vertex 86.05 6.33331 9.72692
      vertex 84.6721 7.06244 12.448
    endloop
  endfacet
  facet normal 3.38458e-06 0.965926 -0.25882
    outer loop
      vertex 84.6979 7.12462 12.6801
      vertex 86.05 6.33331 9.72692
      vertex 84.693 7.09887 12.584
    endloop
  endfacet
  facet normal 0.000443082 0.965976 -0.258632
    outer loop
      vertex 84.7 7.13565 12.7213
      vertex 86.05 6.33331 9.72692
      vertex 84.6979 7.12462 12.6801
    endloop
  endfacet
  facet normal -3.45026e-06 0.965926 -0.25882
    outer loop
      vertex 84.6951 7.1614 12.8174
      vertex 86.05 6.33331 9.72692
      vertex 84.7 7.13565 12.7213
    endloop
  endfacet
  facet normal 0 0.96593 -0.258803
    outer loop
      vertex 19.475 19.3778 58.4096
      vertex 18.475 20.0248 60.8244
      vertex 19.475 20.0248 60.8244
    endloop
  endfacet
  facet normal 0 0.96593 -0.258803
    outer loop
      vertex 18.475 20.0248 60.8244
      vertex 19.475 19.3778 58.4096
      vertex 18.475 19.3778 58.4096
    endloop
  endfacet
  facet normal 0 0.96593 -0.258803
    outer loop
      vertex 30.475 19.3778 58.4096
      vertex 29.475 20.0248 60.8244
      vertex 30.475 20.0248 60.8244
    endloop
  endfacet
  facet normal 0 0.96593 -0.258803
    outer loop
      vertex 29.475 20.0248 60.8244
      vertex 30.475 19.3778 58.4096
      vertex 29.475 19.3778 58.4096
    endloop
  endfacet
  facet normal 0 0.96593 -0.258803
    outer loop
      vertex 60.525 19.3778 58.4096
      vertex 59.525 20.0248 60.8244
      vertex 60.525 20.0248 60.8244
    endloop
  endfacet
  facet normal 0 0.96593 -0.258803
    outer loop
      vertex 59.525 20.0248 60.8244
      vertex 60.525 19.3778 58.4096
      vertex 59.525 19.3778 58.4096
    endloop
  endfacet
  facet normal 0 0.96593 -0.258803
    outer loop
      vertex 71.525 19.3778 58.4096
      vertex 70.525 20.0248 60.8244
      vertex 71.525 20.0248 60.8244
    endloop
  endfacet
  facet normal 0 0.96593 -0.258803
    outer loop
      vertex 70.525 20.0248 60.8244
      vertex 71.525 19.3778 58.4096
      vertex 70.525 19.3778 58.4096
    endloop
  endfacet
  facet normal 0 0.965923 -0.25883
    outer loop
      vertex 71.525 20.0248 60.8244
      vertex 87.5 21.8136 67.5
      vertex 87.5 20.0248 60.8244
    endloop
  endfacet
  facet normal 0 0.965923 -0.25883
    outer loop
      vertex 70.525 20.0248 60.8244
      vertex 87.5 21.8136 67.5
      vertex 71.525 20.0248 60.8244
    endloop
  endfacet
  facet normal 0 0.965923 -0.25883
    outer loop
      vertex 60.525 20.0248 60.8244
      vertex 87.5 21.8136 67.5
      vertex 70.525 20.0248 60.8244
    endloop
  endfacet
  facet normal 0 0.965923 -0.25883
    outer loop
      vertex 59.525 20.0248 60.8244
      vertex 87.5 21.8136 67.5
      vertex 60.525 20.0248 60.8244
    endloop
  endfacet
  facet normal 0 0.965923 -0.25883
    outer loop
      vertex 87.5 21.8136 67.5
      vertex 59.525 20.0248 60.8244
      vertex 2.5 21.8136 67.5
    endloop
  endfacet
  facet normal 0 0.965923 -0.25883
    outer loop
      vertex 30.475 20.0248 60.8244
      vertex 2.5 21.8136 67.5
      vertex 59.525 20.0248 60.8244
    endloop
  endfacet
  facet normal 0 0.965923 -0.25883
    outer loop
      vertex 29.475 20.0248 60.8244
      vertex 2.5 21.8136 67.5
      vertex 30.475 20.0248 60.8244
    endloop
  endfacet
  facet normal 0 0.965923 -0.25883
    outer loop
      vertex 19.475 20.0248 60.8244
      vertex 2.5 21.8136 67.5
      vertex 29.475 20.0248 60.8244
    endloop
  endfacet
  facet normal 0 0.965923 -0.25883
    outer loop
      vertex 18.475 20.0248 60.8244
      vertex 2.5 21.8136 67.5
      vertex 19.475 20.0248 60.8244
    endloop
  endfacet
  facet normal 0 0.965923 -0.25883
    outer loop
      vertex 2.5 21.8136 67.5
      vertex 18.475 20.0248 60.8244
      vertex 2.5 20.0248 60.8244
    endloop
  endfacet
  facet normal 0 0.965919 -0.258843
    outer loop
      vertex 18.475 19.3778 58.4096
      vertex 6.75 18.9507 56.8158
      vertex 3.95 19.3778 58.4096
    endloop
  endfacet
  facet normal -2.86283e-05 0.965907 -0.25889
    outer loop
      vertex 6.60787 18.9489 56.8091
      vertex 3.95 19.3778 58.4096
      vertex 6.75 18.9507 56.8158
    endloop
  endfacet
  facet normal 7.29934e-05 0.965949 -0.258733
    outer loop
      vertex 6.46712 18.9435 56.7889
      vertex 3.95 19.3778 58.4096
      vertex 6.60787 18.9489 56.8091
    endloop
  endfacet
  facet normal -0.000344205 0.965787 -0.259337
    outer loop
      vertex 6.42571 18.9408 56.7789
      vertex 3.95 19.3778 58.4096
      vertex 6.46712 18.9435 56.7889
    endloop
  endfacet
  facet normal 0.000517646 0.966114 -0.258116
    outer loop
      vertex 6.32909 18.9346 56.7555
      vertex 3.95 19.3778 58.4096
      vertex 6.42571 18.9408 56.7789
    endloop
  endfacet
  facet normal 2.7135e-05 0.965938 -0.258775
    outer loop
      vertex 6.19511 18.9222 56.7092
      vertex 3.95 19.3778 58.4096
      vertex 6.32909 18.9346 56.7555
    endloop
  endfacet
  facet normal -0.000587481 0.965734 -0.259532
    outer loop
      vertex 6.10506 18.9111 56.6681
      vertex 3.95 19.3778 58.4096
      vertex 6.19511 18.9222 56.7092
    endloop
  endfacet
  facet normal 0.000692759 0.96613 -0.258053
    outer loop
      vertex 6.06647 18.9064 56.6504
      vertex 3.95 19.3778 58.4096
      vertex 6.10506 18.9111 56.6681
    endloop
  endfacet
  facet normal -0.000298394 0.965833 -0.259166
    outer loop
      vertex 6.02986 18.9007 56.6292
      vertex 3.95 19.3778 58.4096
      vertex 6.06647 18.9064 56.6504
    endloop
  endfacet
  facet normal 0.000255691 0.965995 -0.258562
    outer loop
      vertex 5.94442 18.8875 56.5798
      vertex 3.95 19.3778 58.4096
      vertex 6.02986 18.9007 56.6292
    endloop
  endfacet
  facet normal -0.000132197 0.965889 -0.258957
    outer loop
      vertex 5.91014 18.8809 56.5552
      vertex 3.95 19.3778 58.4096
      vertex 5.94442 18.8875 56.5798
    endloop
  endfacet
  facet normal -0.000316369 0.96584 -0.259138
    outer loop
      vertex 5.83013 18.8655 56.4979
      vertex 3.95 19.3778 58.4096
      vertex 5.91014 18.8809 56.5552
    endloop
  endfacet
  facet normal 0.000378777 0.966011 -0.2585
    outer loop
      vertex 5.7985 18.8581 56.4702
      vertex 3.95 19.3778 58.4096
      vertex 5.83013 18.8655 56.4979
    endloop
  endfacet
  facet normal 7.72574e-05 0.965939 -0.258769
    outer loop
      vertex 5.72469 18.8408 56.4056
      vertex 3.95 19.3778 58.4096
      vertex 5.7985 18.8581 56.4702
    endloop
  endfacet
  facet normal 2.87955e-05 0.965929 -0.258809
    outer loop
      vertex 5.62913 18.8135 56.3037
      vertex 3.95 19.3778 58.4096
      vertex 5.72469 18.8408 56.4056
    endloop
  endfacet
  facet normal -0.000106883 0.965902 -0.25891
    outer loop
      vertex 5.5698 18.7928 56.2265
      vertex 3.95 19.3778 58.4096
      vertex 5.62913 18.8135 56.3037
    endloop
  endfacet
  facet normal -6.70785e-05 0.965909 -0.258882
    outer loop
      vertex 5.54437 18.7839 56.1933
      vertex 3.95 19.3778 58.4096
      vertex 5.5698 18.7928 56.2265
    endloop
  endfacet
  facet normal 0.00121033 0.966138 -0.258024
    outer loop
      vertex 5.52242 18.7745 56.158
      vertex 3.95 19.3778 58.4096
      vertex 5.54437 18.7839 56.1933
    endloop
  endfacet
  facet normal 0.00028453 0.965977 -0.258628
    outer loop
      vertex 5.47121 18.7524 56.0754
      vertex 3.95 19.3778 58.4096
      vertex 5.52242 18.7745 56.158
    endloop
  endfacet
  facet normal -0.00113854 0.965744 -0.259493
    outer loop
      vertex 5.42863 18.729 55.9885
      vertex 3.95 19.3778 58.4096
      vertex 5.47121 18.7524 56.0754
    endloop
  endfacet
  facet normal 0.00224979 0.966259 -0.257562
    outer loop
      vertex 5.41037 18.7191 55.9512
      vertex 3.95 19.3778 58.4096
      vertex 5.42863 18.729 55.9885
    endloop
  endfacet
  facet normal -0.000222582 0.965895 -0.258933
    outer loop
      vertex 5.36244 18.6844 55.8218
      vertex 3.95 19.3778 58.4096
      vertex 5.41037 18.7191 55.9512
    endloop
  endfacet
  facet normal 0.000159134 0.965947 -0.258738
    outer loop
      vertex 5.32786 18.6487 55.6885
      vertex 3.95 19.3778 58.4096
      vertex 5.36244 18.6844 55.8218
    endloop
  endfacet
  facet normal -0.000642894 0.965846 -0.259117
    outer loop
      vertex 5.30698 18.6122 55.5525
      vertex 3.95 19.3778 58.4096
      vertex 5.32786 18.6487 55.6885
    endloop
  endfacet
  facet normal 0.00178959 0.966133 -0.258039
    outer loop
      vertex 5.30489 18.6012 55.5113
      vertex 3.95 19.3778 58.4096
      vertex 5.30698 18.6122 55.5525
    endloop
  endfacet
  facet normal -0.000969172 0.965812 -0.259243
    outer loop
      vertex 5.3 18.5754 55.4152
      vertex 3.95 19.3778 58.4096
      vertex 5.30489 18.6012 55.5113
    endloop
  endfacet
  facet normal 0.00235822 0.966184 -0.257842
    outer loop
      vertex 5.30209 18.5644 55.374
      vertex 3.95 19.3778 58.4096
      vertex 5.3 18.5754 55.4152
    endloop
  endfacet
  facet normal 0.00128275 0.966067 -0.25829
    outer loop
      vertex 5.30698 18.5387 55.2779
      vertex 3.95 19.3778 58.4096
      vertex 5.30209 18.5644 55.374
    endloop
  endfacet
  facet normal -0.00221788 0.965686 -0.259704
    outer loop
      vertex 5.32786 18.5022 55.142
      vertex 3.95 19.3778 58.4096
      vertex 5.30698 18.5387 55.2779
    endloop
  endfacet
  facet normal 0.0017727 0.966107 -0.258135
    outer loop
      vertex 5.35206 18.4772 55.0486
      vertex 3.95 19.3778 58.4096
      vertex 5.32786 18.5022 55.142
    endloop
  endfacet
  facet normal 0.00279444 0.966211 -0.257736
    outer loop
      vertex 5.36244 18.4665 55.0086
      vertex 3.95 19.3778 58.4096
      vertex 5.35206 18.4772 55.0486
    endloop
  endfacet
  facet normal -0.0120659 0.964591 -0.263474
    outer loop
      vertex 5.39599 18.4422 54.9181
      vertex 3.95 19.3778 58.4096
      vertex 5.36244 18.4665 55.0086
    endloop
  endfacet
  facet normal 0.0133267 0.967202 -0.253657
    outer loop
      vertex 5.41037 18.4318 54.8792
      vertex 3.95 19.3778 58.4096
      vertex 5.39599 18.4422 54.9181
    endloop
  endfacet
  facet normal 0.571141 0.818635 0.0602871
    outer loop
      vertex 5.47121 18.3985 54.755
      vertex 5.41037 18.4318 54.8792
      vertex 5.42863 18.4218 54.842
    endloop
  endfacet
  facet normal 0.723436 -0.281157 0.630548
    outer loop
      vertex 5.62913 18.3374 54.5267
      vertex 5.54437 18.3669 54.6371
      vertex 5.6037 18.3462 54.5598
    endloop
  endfacet
  facet normal -0.631498 0.147907 -0.76114
    outer loop
      vertex 5.83013 18.2853 54.3325
      vertex 5.72469 18.3101 54.4248
      vertex 5.7985 18.2928 54.3602
    endloop
  endfacet
  facet normal -0.45872 0.455598 -0.762893
    outer loop
      vertex 5.94442 18.2634 54.2507
      vertex 5.83013 18.2853 54.3325
      vertex 5.86442 18.2788 54.308
    endloop
  endfacet
  facet normal -0.000149934 0.965926 -0.25882
    outer loop
      vertex 6.75 7.51094 14.1219
      vertex 6.60787 18.202 54.0214
      vertex 6.75 18.2002 54.0146
    endloop
  endfacet
  facet normal -0.000103248 0.965926 -0.25882
    outer loop
      vertex 6.65051 7.50967 14.1172
      vertex 6.60787 18.202 54.0214
      vertex 6.75 7.51094 14.1219
    endloop
  endfacet
  facet normal 0.000514083 0.965926 -0.258819
    outer loop
      vertex 6.60787 7.50913 14.1151
      vertex 6.60787 18.202 54.0214
      vertex 6.65051 7.50967 14.1172
    endloop
  endfacet
  facet normal 9.75645e-05 0.965926 -0.258819
    outer loop
      vertex 6.60787 18.202 54.0214
      vertex 6.60787 7.50913 14.1151
      vertex 6.46712 18.2074 54.0415
    endloop
  endfacet
  facet normal -9.74663e-05 0.965926 -0.25882
    outer loop
      vertex 6.46712 7.50373 14.095
      vertex 6.46712 18.2074 54.0415
      vertex 6.60787 7.50913 14.1151
    endloop
  endfacet
  facet normal -0.000346639 0.965926 -0.25882
    outer loop
      vertex 6.46712 18.2074 54.0415
      vertex 6.46712 7.50373 14.095
      vertex 6.32909 18.2163 54.0749
    endloop
  endfacet
  facet normal -0.000244976 0.965926 -0.25882
    outer loop
      vertex 6.42571 7.50104 14.085
      vertex 6.32909 18.2163 54.0749
      vertex 6.46712 7.50373 14.095
    endloop
  endfacet
  facet normal 0.000100016 0.965926 -0.258819
    outer loop
      vertex 6.32909 7.49478 14.0616
      vertex 6.32909 18.2163 54.0749
      vertex 6.42571 7.50104 14.085
    endloop
  endfacet
  facet normal -4.35048e-05 0.965926 -0.258819
    outer loop
      vertex 6.32909 18.2163 54.0749
      vertex 6.32909 7.49478 14.0616
      vertex 6.19511 18.2287 54.1212
    endloop
  endfacet
  facet normal -2.86072e-05 0.965926 -0.258819
    outer loop
      vertex 6.19511 7.48237 14.0153
      vertex 6.19511 18.2287 54.1212
      vertex 6.32909 7.49478 14.0616
    endloop
  endfacet
  facet normal 0.000334945 0.965926 -0.258819
    outer loop
      vertex 6.19511 18.2287 54.1212
      vertex 6.19511 7.48237 14.0153
      vertex 6.06647 18.2445 54.18
    endloop
  endfacet
  facet normal 0.000567718 0.965926 -0.258818
    outer loop
      vertex 6.15652 7.47765 13.9976
      vertex 6.06647 18.2445 54.18
      vertex 6.19511 7.48237 14.0153
    endloop
  endfacet
  facet normal -0.000185161 0.965926 -0.25882
    outer loop
      vertex 6.06647 7.46662 13.9565
      vertex 6.06647 18.2445 54.18
      vertex 6.15652 7.47765 13.9976
    endloop
  endfacet
  facet normal -0.000348643 0.965926 -0.25882
    outer loop
      vertex 6.06647 18.2445 54.18
      vertex 6.06647 7.46662 13.9565
      vertex 5.94442 18.2634 54.2507
    endloop
  endfacet
  facet normal 0.000151949 0.965926 -0.258818
    outer loop
      vertex 5.98104 7.45337 13.907
      vertex 5.94442 18.2634 54.2507
      vertex 6.06647 7.46662 13.9565
    endloop
  endfacet
  facet normal 1.33437e-05 0.965926 -0.258818
    outer loop
      vertex 5.94442 7.44769 13.8858
      vertex 5.94442 18.2634 54.2507
      vertex 5.98104 7.45337 13.907
    endloop
  endfacet
  facet normal -0.000153635 0.965926 -0.258818
    outer loop
      vertex 5.94442 18.2634 54.2507
      vertex 5.94442 7.44769 13.8858
      vertex 5.83013 18.2853 54.3325
    endloop
  endfacet
  facet normal -0.000184364 0.965926 -0.258818
    outer loop
      vertex 5.83013 7.42575 13.804
      vertex 5.83013 18.2853 54.3325
      vertex 5.94442 7.44769 13.8858
    endloop
  endfacet
  facet normal 0.000626196 0.965926 -0.258818
    outer loop
      vertex 5.83013 18.2853 54.3325
      vertex 5.83013 7.42575 13.804
      vertex 5.72469 18.3101 54.4248
    endloop
  endfacet
  facet normal 1.6453e-05 0.965926 -0.25882
    outer loop
      vertex 5.72469 7.40102 13.7117
      vertex 5.72469 18.3101 54.4248
      vertex 5.83013 7.42575 13.804
    endloop
  endfacet
  facet normal -6.99426e-05 0.965926 -0.25882
    outer loop
      vertex 5.72469 18.3101 54.4248
      vertex 5.72469 7.40102 13.7117
      vertex 5.6578 18.3292 54.4961
    endloop
  endfacet
  facet normal 2.46372e-05 0.965926 -0.25882
    outer loop
      vertex 5.6578 18.3292 54.4961
      vertex 5.72469 7.40102 13.7117
      vertex 5.62913 18.3374 54.5267
    endloop
  endfacet
  facet normal 0.000142238 0.965926 -0.258819
    outer loop
      vertex 5.62913 7.37373 13.6098
      vertex 5.62913 18.3374 54.5267
      vertex 5.72469 7.40102 13.7117
    endloop
  endfacet
  facet normal -0.000930415 0.965925 -0.258819
    outer loop
      vertex 5.62913 18.3374 54.5267
      vertex 5.62913 7.37373 13.6098
      vertex 5.54437 18.3669 54.6371
    endloop
  endfacet
  facet normal 1.61875e-05 0.965926 -0.258818
    outer loop
      vertex 5.54437 7.34415 13.4994
      vertex 5.54437 18.3669 54.6371
      vertex 5.62913 7.37373 13.6098
    endloop
  endfacet
  facet normal 0.000118459 0.965926 -0.258818
    outer loop
      vertex 5.54437 18.3669 54.6371
      vertex 5.54437 7.34415 13.4994
      vertex 5.47121 18.3985 54.755
    endloop
  endfacet
  facet normal 1.38691e-05 0.965926 -0.258818
    outer loop
      vertex 5.47121 7.31256 13.3815
      vertex 5.47121 18.3985 54.755
      vertex 5.54437 7.34415 13.4994
    endloop
  endfacet
  facet normal 0.000331472 0.965926 -0.258818
    outer loop
      vertex 5.47121 18.3985 54.755
      vertex 5.47121 7.31256 13.3815
      vertex 5.41037 18.4318 54.8792
    endloop
  endfacet
  facet normal -0.000171202 0.965926 -0.258819
    outer loop
      vertex 5.41037 7.27927 13.2573
      vertex 5.41037 18.4318 54.8792
      vertex 5.47121 7.31256 13.3815
    endloop
  endfacet
  facet normal 2.26528e-05 0.965926 -0.258819
    outer loop
      vertex 5.41037 18.4318 54.8792
      vertex 5.41037 7.27927 13.2573
      vertex 3.95 19.3778 58.4096
    endloop
  endfacet
  facet normal -0.000136274 0.965925 -0.258823
    outer loop
      vertex 5.36244 7.24459 13.1279
      vertex 3.95 19.3778 58.4096
      vertex 5.41037 7.27927 13.2573
    endloop
  endfacet
  facet normal 0.000332922 0.965892 -0.258945
    outer loop
      vertex 3.95 6.33331 9.72692
      vertex 5.36244 7.24459 13.1279
      vertex 5.35206 7.23387 13.0879
    endloop
  endfacet
  facet normal -0.00170966 0.966103 -0.25815
    outer loop
      vertex 3.95 6.33331 9.72692
      vertex 5.35206 7.23387 13.0879
      vertex 5.32786 7.20887 12.9945
    endloop
  endfacet
  facet normal 0.00104599 0.965814 -0.259234
    outer loop
      vertex 3.95 6.33331 9.72692
      vertex 5.32786 7.20887 12.9945
      vertex 5.31325 7.18336 12.8994
    endloop
  endfacet
  facet normal -0.00104253 0.966038 -0.258397
    outer loop
      vertex 3.95 6.33331 9.72692
      vertex 5.31325 7.18336 12.8994
      vertex 5.30698 7.17244 12.8586
    endloop
  endfacet
  facet normal 3.11366e-05 0.965923 -0.258831
    outer loop
      vertex 3.95 6.33331 9.72692
      vertex 5.30698 7.17244 12.8586
      vertex 5.30489 7.1614 12.8174
    endloop
  endfacet
  facet normal 3.44936e-06 0.965926 -0.25882
    outer loop
      vertex 3.95 6.33331 9.72692
      vertex 5.30489 7.1614 12.8174
      vertex 5.3 7.13565 12.7213
    endloop
  endfacet
  facet normal 6.98119e-06 0.965926 -0.258819
    outer loop
      vertex 5.36244 7.24459 13.1279
      vertex 3.95 6.33331 9.72692
      vertex 3.95 19.3778 58.4096
    endloop
  endfacet
  facet normal -0.000443297 0.965976 -0.258632
    outer loop
      vertex 5.30209 7.12462 12.6801
      vertex 3.95 6.33331 9.72692
      vertex 5.3 7.13565 12.7213
    endloop
  endfacet
  facet normal -3.38529e-06 0.965926 -0.25882
    outer loop
      vertex 5.30698 7.09887 12.584
      vertex 3.95 6.33331 9.72692
      vertex 5.30209 7.12462 12.6801
    endloop
  endfacet
  facet normal 1.58137e-05 0.965923 -0.258828
    outer loop
      vertex 5.3216 7.07336 12.4888
      vertex 3.95 6.33331 9.72692
      vertex 5.30698 7.09887 12.584
    endloop
  endfacet
  facet normal -0.000452463 0.965981 -0.258611
    outer loop
      vertex 5.32786 7.06244 12.448
      vertex 3.95 6.33331 9.72692
      vertex 5.3216 7.07336 12.4888
    endloop
  endfacet
  facet normal 5.53781e-05 0.965917 -0.258851
    outer loop
      vertex 5.33823 7.05172 12.408
      vertex 3.95 6.33331 9.72692
      vertex 5.32786 7.06244 12.448
    endloop
  endfacet
  facet normal 0.000129949 0.965907 -0.258887
    outer loop
      vertex 5.36244 7.02671 12.3147
      vertex 3.95 6.33331 9.72692
      vertex 5.33823 7.05172 12.408
    endloop
  endfacet
  facet normal 5.74585e-05 0.965917 -0.258851
    outer loop
      vertex 5.41037 6.99203 12.1853
      vertex 3.95 6.33331 9.72692
      vertex 5.36244 7.02671 12.3147
    endloop
  endfacet
  facet normal 7.71872e-05 0.965914 -0.258861
    outer loop
      vertex 5.47121 6.95874 12.0611
      vertex 3.95 6.33331 9.72692
      vertex 5.41037 6.99203 12.1853
    endloop
  endfacet
  facet normal -4.00254e-06 0.965928 -0.258812
    outer loop
      vertex 5.54437 6.92715 11.9432
      vertex 3.95 6.33331 9.72692
      vertex 5.47121 6.95874 12.0611
    endloop
  endfacet
  facet normal -6.30094e-06 0.965928 -0.258811
    outer loop
      vertex 5.62913 6.89757 11.8328
      vertex 3.95 6.33331 9.72692
      vertex 5.54437 6.92715 11.9432
    endloop
  endfacet
  facet normal -7.42699e-05 0.965942 -0.25876
    outer loop
      vertex 5.72469 6.87028 11.7309
      vertex 3.95 6.33331 9.72692
      vertex 5.62913 6.89757 11.8328
    endloop
  endfacet
  facet normal -1.00573e-05 0.965927 -0.258813
    outer loop
      vertex 5.83013 6.84555 11.6386
      vertex 3.95 6.33331 9.72692
      vertex 5.72469 6.87028 11.7309
    endloop
  endfacet
  facet normal -2.64436e-05 0.965931 -0.258798
    outer loop
      vertex 5.94442 6.82361 11.5567
      vertex 3.95 6.33331 9.72692
      vertex 5.83013 6.84555 11.6386
    endloop
  endfacet
  facet normal 9.00672e-05 0.9659 -0.258917
    outer loop
      vertex 6.02986 6.81036 11.5073
      vertex 3.95 6.33331 9.72692
      vertex 5.94442 6.82361 11.5567
    endloop
  endfacet
  facet normal -7.96979e-06 0.965928 -0.25881
    outer loop
      vertex 6.06647 6.80468 11.4861
      vertex 3.95 6.33331 9.72692
      vertex 6.02986 6.81036 11.5073
    endloop
  endfacet
  facet normal -6.56329e-05 0.965946 -0.258745
    outer loop
      vertex 6.15652 6.79365 11.4449
      vertex 3.95 6.33331 9.72692
      vertex 6.06647 6.80468 11.4861
    endloop
  endfacet
  facet normal 6.32252e-05 0.965904 -0.258899
    outer loop
      vertex 6.19511 6.78893 11.4273
      vertex 3.95 6.33331 9.72692
      vertex 6.15652 6.79365 11.4449
    endloop
  endfacet
  facet normal 1.8953e-05 0.965919 -0.258845
    outer loop
      vertex 6.32909 6.77652 11.381
      vertex 3.95 6.33331 9.72692
      vertex 6.19511 6.78893 11.4273
    endloop
  endfacet
  facet normal 8.73332e-06 0.965923 -0.258831
    outer loop
      vertex 6.3705 6.77384 11.371
      vertex 3.95 6.33331 9.72692
      vertex 6.32909 6.77652 11.381
    endloop
  endfacet
  facet normal -9.14419e-08 0.965926 -0.258819
    outer loop
      vertex 6.46712 6.76757 11.3476
      vertex 3.95 6.33331 9.72692
      vertex 6.3705 6.77384 11.371
    endloop
  endfacet
  facet normal -7.05706e-05 0.965953 -0.258717
    outer loop
      vertex 6.60787 6.76217 11.3274
      vertex 3.95 6.33331 9.72692
      vertex 6.46712 6.76757 11.3476
    endloop
  endfacet
  facet normal 5.41561e-06 0.965922 -0.258835
    outer loop
      vertex 6.70736 6.76091 11.3227
      vertex 3.95 6.33331 9.72692
      vertex 6.60787 6.76217 11.3274
    endloop
  endfacet
  facet normal 0.00029514 0.965796 -0.259302
    outer loop
      vertex 6.75 6.76036 11.3207
      vertex 3.95 6.33331 9.72692
      vertex 6.70736 6.76091 11.3227
    endloop
  endfacet
  facet normal -7.684e-08 0.965926 -0.258818
    outer loop
      vertex 14.5 6.82507 11.5622
      vertex 3.95 6.33331 9.72692
      vertex 6.75 6.76036 11.3207
    endloop
  endfacet
  facet normal 4.23008e-06 0.966107 -0.258143
    outer loop
      vertex 7.47014 18.9007 56.6292
      vertex 14.5 18.886 56.5743
      vertex 7.55558 18.8875 56.5798
    endloop
  endfacet
  facet normal 3.39599e-06 0.965844 -0.259124
    outer loop
      vertex 14.5 18.886 56.5743
      vertex 7.58986 18.8809 56.5552
      vertex 7.55558 18.8875 56.5798
    endloop
  endfacet
  facet normal 4.64061e-06 0.965731 -0.259544
    outer loop
      vertex 14.5 18.886 56.5743
      vertex 7.66987 18.8655 56.4979
      vertex 7.58986 18.8809 56.5552
    endloop
  endfacet
  facet normal -1.25547e-05 0.966115 -0.25811
    outer loop
      vertex 14.5 18.886 56.5743
      vertex 7.7015 18.8581 56.4702
      vertex 7.66987 18.8655 56.4979
    endloop
  endfacet
  facet normal -3.04791e-06 0.965961 -0.25869
    outer loop
      vertex 14.5 18.886 56.5743
      vertex 7.7753 18.8408 56.4056
      vertex 7.7015 18.8581 56.4702
    endloop
  endfacet
  facet normal -5.0957e-07 0.965935 -0.258784
    outer loop
      vertex 14.5 18.886 56.5743
      vertex 7.87086 18.8135 56.3037
      vertex 7.7753 18.8408 56.4056
    endloop
  endfacet
  facet normal 8.08826e-06 0.965883 -0.25898
    outer loop
      vertex 14.5 18.886 56.5743
      vertex 7.9302 18.7928 56.2265
      vertex 7.87086 18.8135 56.3037
    endloop
  endfacet
  facet normal 5.02181e-06 0.965897 -0.258926
    outer loop
      vertex 14.5 18.886 56.5743
      vertex 7.95563 18.7839 56.1933
      vertex 7.9302 18.7928 56.2265
    endloop
  endfacet
  facet normal -9.17551e-05 0.966312 -0.257375
    outer loop
      vertex 14.5 18.886 56.5743
      vertex 7.97758 18.7745 56.158
      vertex 7.95563 18.7839 56.1933
    endloop
  endfacet
  facet normal -1.6679e-05 0.966019 -0.258473
    outer loop
      vertex 14.5 18.886 56.5743
      vertex 8.02879 18.7524 56.0754
      vertex 7.97758 18.7745 56.158
    endloop
  endfacet
  facet normal 0.00010659 0.965618 -0.259965
    outer loop
      vertex 14.5 18.886 56.5743
      vertex 8.07137 18.729 55.9885
      vertex 8.02879 18.7524 56.0754
    endloop
  endfacet
  facet normal -0.000218708 0.966509 -0.256633
    outer loop
      vertex 14.5 18.886 56.5743
      vertex 8.08962 18.7191 55.9512
      vertex 8.07137 18.729 55.9885
    endloop
  endfacet
  facet normal 2.77723e-05 0.965877 -0.259
    outer loop
      vertex 14.5 18.886 56.5743
      vertex 8.13756 18.6844 55.8218
      vertex 8.08962 18.7191 55.9512
    endloop
  endfacet
  facet normal -9.97855e-06 0.965957 -0.258702
    outer loop
      vertex 14.5 18.886 56.5743
      vertex 8.17214 18.6487 55.6885
      vertex 8.13756 18.6844 55.8218
    endloop
  endfacet
  facet normal 6.47117e-05 0.965824 -0.2592
    outer loop
      vertex 14.5 18.886 56.5743
      vertex 8.19302 18.6122 55.5525
      vertex 8.17214 18.6487 55.6885
    endloop
  endfacet
  facet normal -0.000150317 0.966155 -0.257962
    outer loop
      vertex 14.5 18.886 56.5743
      vertex 8.19511 18.6012 55.5113
      vertex 8.19302 18.6122 55.5525
    endloop
  endfacet
  facet normal 8.8694e-05 0.965801 -0.259284
    outer loop
      vertex 14.5 18.886 56.5743
      vertex 8.2 18.5754 55.4152
      vertex 8.19511 18.6012 55.5113
    endloop
  endfacet
  facet normal -0.000175176 0.966159 -0.257946
    outer loop
      vertex 14.5 18.886 56.5743
      vertex 8.1979 18.5644 55.374
      vertex 8.2 18.5754 55.4152
    endloop
  endfacet
  facet normal -9.35007e-05 0.966052 -0.258346
    outer loop
      vertex 14.5 18.886 56.5743
      vertex 8.19302 18.5387 55.2779
      vertex 8.1979 18.5644 55.374
    endloop
  endfacet
  facet normal 0.000140237 0.965768 -0.259407
    outer loop
      vertex 14.5 18.886 56.5743
      vertex 8.17214 18.5022 55.142
      vertex 8.19302 18.5387 55.2779
    endloop
  endfacet
  facet normal -6.8446e-05 0.965999 -0.258547
    outer loop
      vertex 14.5 18.886 56.5743
      vertex 8.14793 18.4772 55.0486
      vertex 8.17214 18.5022 55.142
    endloop
  endfacet
  facet normal -0.000109513 0.966041 -0.258388
    outer loop
      vertex 14.5 18.886 56.5743
      vertex 8.13756 18.4665 55.0086
      vertex 8.14793 18.4772 55.0486
    endloop
  endfacet
  facet normal 0.0001509 0.965777 -0.259375
    outer loop
      vertex 14.5 18.886 56.5743
      vertex 8.10401 18.4422 54.9181
      vertex 8.13756 18.4665 55.0086
    endloop
  endfacet
  facet normal -0.000168936 0.966085 -0.258223
    outer loop
      vertex 14.5 18.886 56.5743
      vertex 8.08962 18.4318 54.8792
      vertex 8.10401 18.4422 54.9181
    endloop
  endfacet
  facet normal 0.00025481 0.965685 -0.259718
    outer loop
      vertex 14.5 18.886 56.5743
      vertex 8.07137 18.4218 54.842
      vertex 8.08962 18.4318 54.8792
    endloop
  endfacet
  facet normal -4.53806e-05 0.965964 -0.258678
    outer loop
      vertex 14.5 18.886 56.5743
      vertex 8.02879 18.3985 54.755
      vertex 8.07137 18.4218 54.842
    endloop
  endfacet
  facet normal 2.09021e-05 0.965905 -0.258898
    outer loop
      vertex 14.5 18.886 56.5743
      vertex 7.95563 18.3669 54.6371
      vertex 8.02879 18.3985 54.755
    endloop
  endfacet
  facet normal -6.52096e-05 0.965977 -0.258627
    outer loop
      vertex 14.5 18.886 56.5743
      vertex 7.89629 18.3462 54.5598
      vertex 7.95563 18.3669 54.6371
    endloop
  endfacet
  facet normal -0.000807323 0.966582 -0.256356
    outer loop
      vertex 14.5 18.886 56.5743
      vertex 7.87086 18.3374 54.5267
      vertex 7.89629 18.3462 54.5598
    endloop
  endfacet
  facet normal 2.11718e-05 0.965915 -0.25886
    outer loop
      vertex 14.5 18.886 56.5743
      vertex 7.8422 18.3292 54.4961
      vertex 7.87086 18.3374 54.5267
    endloop
  endfacet
  facet normal -1.78991e-05 0.965946 -0.258743
    outer loop
      vertex 14.5 18.886 56.5743
      vertex 7.7753 18.3101 54.4248
      vertex 7.8422 18.3292 54.4961
    endloop
  endfacet
  facet normal -5.881e-05 0.965978 -0.258624
    outer loop
      vertex 14.5 18.886 56.5743
      vertex 7.7015 18.2928 54.3602
      vertex 7.7753 18.3101 54.4248
    endloop
  endfacet
  facet normal 0.00142017 0.964833 -0.262858
    outer loop
      vertex 14.5 18.886 56.5743
      vertex 7.66987 18.2853 54.3325
      vertex 7.7015 18.2928 54.3602
    endloop
  endfacet
  facet normal -0.00155487 0.967098 -0.254401
    outer loop
      vertex 14.5 18.886 56.5743
      vertex 7.63558 18.2788 54.308
      vertex 7.66987 18.2853 54.3325
    endloop
  endfacet
  facet normal 0.000493919 0.965556 -0.260193
    outer loop
      vertex 14.5 18.886 56.5743
      vertex 7.55558 18.2634 54.2507
      vertex 7.63558 18.2788 54.308
    endloop
  endfacet
  facet normal -0.000474252 0.96628 -0.257494
    outer loop
      vertex 14.5 18.886 56.5743
      vertex 7.43353 18.2445 54.18
      vertex 7.55558 18.2634 54.2507
    endloop
  endfacet
  facet normal 7.14605e-06 0.965926 -0.25882
    outer loop
      vertex 7.43353 7.46662 13.9565
      vertex 7.43353 18.2445 54.18
      vertex 14.5 18.886 56.5743
    endloop
  endfacet
  facet normal -0.000334515 0.965926 -0.25882
    outer loop
      vertex 7.43353 18.2445 54.18
      vertex 7.43353 7.46662 13.9565
      vertex 7.30489 18.2287 54.1212
    endloop
  endfacet
  facet normal 0.000149945 0.965926 -0.25882
    outer loop
      vertex 6.89212 18.202 54.0214
      vertex 6.75 7.51094 14.1219
      vertex 6.75 18.2002 54.0146
    endloop
  endfacet
  facet normal -9.75576e-05 0.965926 -0.258819
    outer loop
      vertex 6.89212 7.50913 14.1151
      vertex 6.89212 18.202 54.0214
      vertex 7.03288 18.2074 54.0415
    endloop
  endfacet
  facet normal 0.000346639 0.965926 -0.25882
    outer loop
      vertex 7.03288 7.50373 14.095
      vertex 7.03288 18.2074 54.0415
      vertex 7.17091 18.2163 54.0749
    endloop
  endfacet
  facet normal 0.000185922 0.965926 -0.258818
    outer loop
      vertex 7.34348 7.47765 13.9976
      vertex 7.30489 18.2287 54.1212
      vertex 7.43353 7.46662 13.9565
    endloop
  endfacet
  facet normal 0.000103248 0.965926 -0.25882
    outer loop
      vertex 6.89212 18.202 54.0214
      vertex 6.84949 7.50967 14.1172
      vertex 6.75 7.51094 14.1219
    endloop
  endfacet
  facet normal -0.000514204 0.965926 -0.258819
    outer loop
      vertex 6.89212 18.202 54.0214
      vertex 6.89212 7.50913 14.1151
      vertex 6.84949 7.50967 14.1172
    endloop
  endfacet
  facet normal 9.74594e-05 0.965926 -0.25882
    outer loop
      vertex 7.03288 18.2074 54.0415
      vertex 7.03288 7.50373 14.095
      vertex 6.89212 7.50913 14.1151
    endloop
  endfacet
  facet normal 0.000244976 0.965926 -0.25882
    outer loop
      vertex 7.17091 18.2163 54.0749
      vertex 7.07429 7.50104 14.085
      vertex 7.03288 7.50373 14.095
    endloop
  endfacet
  facet normal -0.000100016 0.965926 -0.258819
    outer loop
      vertex 7.17091 18.2163 54.0749
      vertex 7.17091 7.49478 14.0616
      vertex 7.07429 7.50104 14.085
    endloop
  endfacet
  facet normal 2.859e-05 0.965926 -0.258819
    outer loop
      vertex 7.17091 18.2163 54.0749
      vertex 7.30489 7.48237 14.0153
      vertex 7.17091 7.49478 14.0616
    endloop
  endfacet
  facet normal 4.34876e-05 0.965926 -0.258819
    outer loop
      vertex 7.30489 18.2287 54.1212
      vertex 7.30489 7.48237 14.0153
      vertex 7.17091 18.2163 54.0749
    endloop
  endfacet
  facet normal -0.00056806 0.965926 -0.258819
    outer loop
      vertex 7.30489 7.48237 14.0153
      vertex 7.30489 18.2287 54.1212
      vertex 7.34348 7.47765 13.9976
    endloop
  endfacet
  facet normal 8.51996e-08 0.965926 -0.258819
    outer loop
      vertex 14.5 6.82507 11.5622
      vertex 7.43353 7.46662 13.9565
      vertex 14.5 18.886 56.5743
    endloop
  endfacet
  facet normal 0.000214508 0.966084 -0.258228
    outer loop
      vertex 7.43353 7.46662 13.9565
      vertex 14.5 6.82507 11.5622
      vertex 7.51896 7.45337 13.907
    endloop
  endfacet
  facet normal 2.32579e-05 0.965942 -0.258759
    outer loop
      vertex 7.51896 7.45337 13.907
      vertex 14.5 6.82507 11.5622
      vertex 7.55558 7.44769 13.8858
    endloop
  endfacet
  facet normal -0.000157944 0.965806 -0.259265
    outer loop
      vertex 7.55558 7.44769 13.8858
      vertex 14.5 6.82507 11.5622
      vertex 7.66987 7.42575 13.804
    endloop
  endfacet
  facet normal 7.4761e-06 0.965932 -0.258794
    outer loop
      vertex 7.66987 7.42575 13.804
      vertex 14.5 6.82507 11.5622
      vertex 7.7753 7.40102 13.7117
    endloop
  endfacet
  facet normal 5.92861e-05 0.965973 -0.258643
    outer loop
      vertex 7.7753 7.40102 13.7117
      vertex 14.5 6.82507 11.5622
      vertex 7.87086 7.37373 13.6098
    endloop
  endfacet
  facet normal 7.01763e-06 0.965931 -0.258801
    outer loop
      vertex 7.87086 7.37373 13.6098
      vertex 14.5 6.82507 11.5622
      vertex 7.95563 7.34415 13.4994
    endloop
  endfacet
  facet normal 5.18961e-06 0.965929 -0.258807
    outer loop
      vertex 7.95563 7.34415 13.4994
      vertex 14.5 6.82507 11.5622
      vertex 8.02879 7.31256 13.3815
    endloop
  endfacet
  facet normal -2.54194e-05 0.965902 -0.258908
    outer loop
      vertex 8.02879 7.31256 13.3815
      vertex 14.5 6.82507 11.5622
      vertex 8.08962 7.27927 13.2573
    endloop
  endfacet
  facet normal -1.625e-05 0.965911 -0.258876
    outer loop
      vertex 8.08962 7.27927 13.2573
      vertex 14.5 6.82507 11.5622
      vertex 8.13756 7.24459 13.1279
    endloop
  endfacet
  facet normal -1.42052e-05 0.965913 -0.258868
    outer loop
      vertex 8.13756 7.24459 13.1279
      vertex 14.5 6.82507 11.5622
      vertex 8.14793 7.23387 13.0879
    endloop
  endfacet
  facet normal 6.8446e-05 0.965999 -0.258547
    outer loop
      vertex 8.14793 7.23387 13.0879
      vertex 14.5 6.82507 11.5622
      vertex 8.17214 7.20887 12.9945
    endloop
  endfacet
  facet normal -6.4173e-05 0.965852 -0.259094
    outer loop
      vertex 8.17214 7.20887 12.9945
      vertex 14.5 6.82507 11.5622
      vertex 8.18675 7.18336 12.8994
    endloop
  endfacet
  facet normal 6.20545e-05 0.966001 -0.258538
    outer loop
      vertex 8.18675 7.18336 12.8994
      vertex 14.5 6.82507 11.5622
      vertex 8.19302 7.17244 12.8586
    endloop
  endfacet
  facet normal -2.29894e-06 0.965923 -0.25883
    outer loop
      vertex 8.19302 7.17244 12.8586
      vertex 14.5 6.82507 11.5622
      vertex 8.19511 7.1614 12.8174
    endloop
  endfacet
  facet normal -1.40115e-07 0.965926 -0.25882
    outer loop
      vertex 8.19511 7.1614 12.8174
      vertex 14.5 6.82507 11.5622
      vertex 8.2 7.13565 12.7213
    endloop
  endfacet
  facet normal 4.06422e-05 0.965981 -0.258613
    outer loop
      vertex 8.2 7.13565 12.7213
      vertex 14.5 6.82507 11.5622
      vertex 8.1979 7.12462 12.6801
    endloop
  endfacet
  facet normal 1.31195e-06 0.965926 -0.25882
    outer loop
      vertex 8.1979 7.12462 12.6801
      vertex 14.5 6.82507 11.5622
      vertex 8.19302 7.09887 12.584
    endloop
  endfacet
  facet normal -5.61945e-07 0.965923 -0.258831
    outer loop
      vertex 14.5 6.82507 11.5622
      vertex 8.1784 7.07336 12.4888
      vertex 8.19302 7.09887 12.584
    endloop
  endfacet
  facet normal 4.30762e-05 0.965997 -0.258553
    outer loop
      vertex 14.5 6.82507 11.5622
      vertex 8.17214 7.06244 12.448
      vertex 8.1784 7.07336 12.4888
    endloop
  endfacet
  facet normal -3.5941e-06 0.965914 -0.258864
    outer loop
      vertex 14.5 6.82507 11.5622
      vertex 8.16177 7.05172 12.408
      vertex 8.17214 7.06244 12.448
    endloop
  endfacet
  facet normal -1.10714e-05 0.9659 -0.258916
    outer loop
      vertex 14.5 6.82507 11.5622
      vertex 8.13756 7.02671 12.3147
      vertex 8.16177 7.05172 12.408
    endloop
  endfacet
  facet normal -5.03989e-06 0.965913 -0.258869
    outer loop
      vertex 14.5 6.82507 11.5622
      vertex 8.08962 6.99203 12.1853
      vertex 8.13756 7.02671 12.3147
    endloop
  endfacet
  facet normal -7.60498e-06 0.965906 -0.258893
    outer loop
      vertex 14.5 6.82507 11.5622
      vertex 8.02879 6.95874 12.0611
      vertex 8.08962 6.99203 12.1853
    endloop
  endfacet
  facet normal -6.74194e-07 0.965928 -0.258809
    outer loop
      vertex 14.5 6.82507 11.5622
      vertex 7.95563 6.92715 11.9432
      vertex 8.02879 6.95874 12.0611
    endloop
  endfacet
  facet normal -4.45344e-07 0.965929 -0.258806
    outer loop
      vertex 14.5 6.82507 11.5622
      vertex 7.87086 6.89757 11.8328
      vertex 7.95563 6.92715 11.9432
    endloop
  endfacet
  facet normal 4.23642e-06 0.965958 -0.258699
    outer loop
      vertex 14.5 6.82507 11.5622
      vertex 7.7753 6.87028 11.7309
      vertex 7.87086 6.89757 11.8328
    endloop
  endfacet
  facet normal 1.40999e-06 0.96593 -0.258804
    outer loop
      vertex 14.5 6.82507 11.5622
      vertex 7.66987 6.84555 11.6386
      vertex 7.7753 6.87028 11.7309
    endloop
  endfacet
  facet normal 1.86346e-06 0.96594 -0.258766
    outer loop
      vertex 14.5 6.82507 11.5622
      vertex 7.55558 6.82361 11.5567
      vertex 7.66987 6.84555 11.6386
    endloop
  endfacet
  facet normal 1.31397e-07 0.965932 -0.258797
    outer loop
      vertex 82.5665 6.80468 11.4861
      vertex 75.5 6.82507 11.5622
      vertex 82.5299 6.81036 11.5073
    endloop
  endfacet
  facet normal 2.32754e-06 0.965983 -0.258606
    outer loop
      vertex 82.6565 6.79365 11.4449
      vertex 75.5 6.82507 11.5622
      vertex 82.5665 6.80468 11.4861
    endloop
  endfacet
  facet normal 2.11732e-06 0.96586 -0.259065
    outer loop
      vertex 14.5 6.82507 11.5622
      vertex 7.47014 6.81036 11.5073
      vertex 7.55558 6.82361 11.5567
    endloop
  endfacet
  facet normal -5.28167e-06 0.965867 -0.259039
    outer loop
      vertex 82.6951 6.78893 11.4273
      vertex 75.5 6.82507 11.5622
      vertex 82.6565 6.79365 11.4449
    endloop
  endfacet
  facet normal -1.31399e-07 0.965932 -0.258797
    outer loop
      vertex 14.5 6.82507 11.5622
      vertex 7.43353 6.80468 11.4861
      vertex 7.47014 6.81036 11.5073
    endloop
  endfacet
  facet normal -2.53542e-06 0.965903 -0.258903
    outer loop
      vertex 82.8291 6.77652 11.381
      vertex 75.5 6.82507 11.5622
      vertex 82.6951 6.78893 11.4273
    endloop
  endfacet
  facet normal -2.32758e-06 0.965983 -0.258606
    outer loop
      vertex 14.5 6.82507 11.5622
      vertex 7.34348 6.79365 11.4449
      vertex 7.43353 6.80468 11.4861
    endloop
  endfacet
  facet normal -3.40522e-07 0.965926 -0.25882
    outer loop
      vertex 75.5 6.82507 11.5622
      vertex 82.8291 6.77652 11.381
      vertex 86.05 6.33331 9.72692
    endloop
  endfacet
  facet normal 5.28161e-06 0.965867 -0.259039
    outer loop
      vertex 14.5 6.82507 11.5622
      vertex 7.30489 6.78893 11.4273
      vertex 7.34348 6.79365 11.4449
    endloop
  endfacet
  facet normal 2.22217e-05 0.965937 -0.258779
    outer loop
      vertex 86.05 6.33331 9.72692
      vertex 82.8291 6.77652 11.381
      vertex 82.8705 6.77384 11.371
    endloop
  endfacet
  facet normal 2.5354e-06 0.965903 -0.258903
    outer loop
      vertex 14.5 6.82507 11.5622
      vertex 7.17091 6.77652 11.381
      vertex 7.30489 6.78893 11.4273
    endloop
  endfacet
  facet normal -2.33421e-07 0.965926 -0.25882
    outer loop
      vertex 86.05 6.33331 9.72692
      vertex 82.8705 6.77384 11.371
      vertex 82.9671 6.76757 11.3476
    endloop
  endfacet
  facet normal 1.70315e-06 0.965912 -0.258871
    outer loop
      vertex 14.5 6.82507 11.5622
      vertex 7.1295 6.77384 11.371
      vertex 7.17091 6.77652 11.381
    endloop
  endfacet
  facet normal -0.00011864 0.965869 -0.25903
    outer loop
      vertex 86.05 6.33331 9.72692
      vertex 82.9671 6.76757 11.3476
      vertex 83.1079 6.76217 11.3274
    endloop
  endfacet
  facet normal 2.63441e-07 0.965926 -0.25882
    outer loop
      vertex 14.5 6.82507 11.5622
      vertex 7.03288 6.76757 11.3476
      vertex 7.1295 6.77384 11.371
    endloop
  endfacet
  facet normal 6.39524e-06 0.965927 -0.258815
    outer loop
      vertex 86.05 6.33331 9.72692
      vertex 83.1079 6.76217 11.3274
      vertex 83.2074 6.76091 11.3227
    endloop
  endfacet
  facet normal -2.13039e-05 0.966113 -0.258119
    outer loop
      vertex 14.5 6.82507 11.5622
      vertex 6.89212 6.76217 11.3274
      vertex 7.03288 6.76757 11.3476
    endloop
  endfacet
  facet normal 0.000348607 0.966079 -0.258246
    outer loop
      vertex 86.05 6.33331 9.72692
      vertex 83.2074 6.76091 11.3227
      vertex 83.25 6.76036 11.3207
    endloop
  endfacet
  facet normal 1.69806e-05 0.965803 -0.259277
    outer loop
      vertex 14.5 6.82507 11.5622
      vertex 6.79264 6.76091 11.3227
      vertex 6.89212 6.76217 11.3274
    endloop
  endfacet
  facet normal 0 0.965926 -0.258818
    outer loop
      vertex 75.5 6.82507 11.5622
      vertex 86.05 6.33331 9.72692
      vertex 14.5 6.82507 11.5622
    endloop
  endfacet
  facet normal 0.000628777 0.960697 -0.277597
    outer loop
      vertex 14.5 6.82507 11.5622
      vertex 6.75 6.76036 11.3207
      vertex 6.79264 6.76091 11.3227
    endloop
  endfacet
  facet normal 0 0 1
    outer loop
      vertex 14.15 44 2.5
      vertex 2.5 44 2.5
      vertex 14.15 16.5 2.5
    endloop
  endfacet
  facet normal 0 0 1
    outer loop
      vertex 70.85 44 2.5
      vertex 19.15 44 2.5
      vertex 70.85 16.5 2.5
    endloop
  endfacet
  facet normal 0 0 1
    outer loop
      vertex 75.85 16.5 2.5
      vertex 87.5 44 2.5
      vertex 75.85 44 2.5
    endloop
  endfacet
  facet normal 0 0 1
    outer loop
      vertex 87.5 44 2.5
      vertex 75.85 16.5 2.5
      vertex 87.5 4.39687 2.5
    endloop
  endfacet
  facet normal -0 0 1
    outer loop
      vertex 70.85 16.5 2.5
      vertex 87.5 4.39687 2.5
      vertex 75.85 16.5 2.5
    endloop
  endfacet
  facet normal 0 0 1
    outer loop
      vertex 19.15 16.5 2.5
      vertex 70.85 16.5 2.5
      vertex 19.15 44 2.5
    endloop
  endfacet
  facet normal 0 0 1
    outer loop
      vertex 70.85 16.5 2.5
      vertex 19.15 16.5 2.5
      vertex 87.5 4.39687 2.5
    endloop
  endfacet
  facet normal 0 0 1
    outer loop
      vertex 2.5 4.39687 2.5
      vertex 19.15 16.5 2.5
      vertex 14.15 16.5 2.5
    endloop
  endfacet
  facet normal 0 0 1
    outer loop
      vertex 19.15 16.5 2.5
      vertex 2.5 4.39687 2.5
      vertex 87.5 4.39687 2.5
    endloop
  endfacet
  facet normal 0 0 1
    outer loop
      vertex 2.5 4.39687 2.5
      vertex 14.15 16.5 2.5
      vertex 2.5 44 2.5
    endloop
  endfacet
  facet normal -0 0 1
    outer loop
      vertex 2.5 48 2.5
      vertex 87.5 45.5 2.5
      vertex 87.5 48 2.5
    endloop
  endfacet
  facet normal 0 0 1
    outer loop
      vertex 87.5 45.5 2.5
      vertex 2.5 48 2.5
      vertex 2.5 45.5 2.5
    endloop
  endfacet
  facet normal -1 0 0
    outer loop
      vertex 87.5 44 2.5
      vertex 87.5 22.9226 60.0479
      vertex 87.5 44 67.5
    endloop
  endfacet
  facet normal -1 0 0
    outer loop
      vertex 87.5 44 2.5
      vertex 87.5 8.58404 6.53565
      vertex 87.5 22.9226 60.0479
    endloop
  endfacet
  facet normal -1 -0 0
    outer loop
      vertex 87.5 8.58404 6.53565
      vertex 87.5 4.39687 2.5
      vertex 87.5 5.68626 7.31211
    endloop
  endfacet
  facet normal -1 0 0
    outer loop
      vertex 87.5 4.39687 2.5
      vertex 87.5 8.58404 6.53565
      vertex 87.5 44 2.5
    endloop
  endfacet
  facet normal -1 0 0
    outer loop
      vertex 87.5 22.9226 60.0479
      vertex 87.5 21.8136 67.5
      vertex 87.5 44 67.5
    endloop
  endfacet
  facet normal -1 0 -0
    outer loop
      vertex 87.5 21.8136 67.5
      vertex 87.5 22.9226 60.0479
      vertex 87.5 20.0248 60.8244
    endloop
  endfacet
  facet normal -1 0 0
    outer loop
      vertex 87.5 45.5 2.5
      vertex 87.5 48 67.5
      vertex 87.5 48 2.5
    endloop
  endfacet
  facet normal -1 -0 0
    outer loop
      vertex 87.5 48 67.5
      vertex 87.5 45.5 2.5
      vertex 87.5 45.5 67.5
    endloop
  endfacet
  facet normal 1 0 0
    outer loop
      vertex 14.5 15.4087 57.5061
      vertex 14.5 6.82507 11.5622
      vertex 14.5 18.886 56.5743
    endloop
  endfacet
  facet normal 1 0 -0
    outer loop
      vertex 14.5 6.82507 11.5622
      vertex 14.5 15.4087 57.5061
      vertex 14.5 3.34774 12.4939
    endloop
  endfacet
  facet normal -1 0 0
    outer loop
      vertex 75.5 6.82507 11.5622
      vertex 75.5 15.4087 57.5061
      vertex 75.5 18.886 56.5743
    endloop
  endfacet
  facet normal -1 0 0
    outer loop
      vertex 75.5 15.4087 57.5061
      vertex 75.5 6.82507 11.5622
      vertex 75.5 3.34774 12.4939
    endloop
  endfacet
  facet normal 0 -0.258835 -0.965922
    outer loop
      vertex 14.5 15.4087 57.5061
      vertex 75.5 18.886 56.5743
      vertex 75.5 15.4087 57.5061
    endloop
  endfacet
  facet normal -0 -0.258835 -0.965922
    outer loop
      vertex 75.5 18.886 56.5743
      vertex 14.5 15.4087 57.5061
      vertex 14.5 18.886 56.5743
    endloop
  endfacet
  facet normal -0 0.258807 0.965929
    outer loop
      vertex 14.5 6.82507 11.5622
      vertex 75.5 3.34774 12.4939
      vertex 75.5 6.82507 11.5622
    endloop
  endfacet
  facet normal 0 0.258807 0.965929
    outer loop
      vertex 75.5 3.34774 12.4939
      vertex 14.5 6.82507 11.5622
      vertex 14.5 3.34774 12.4939
    endloop
  endfacet
  facet normal 0 0 -1
    outer loop
      vertex 0 23.75 26.5
      vertex 2.5 37.75 26.5
      vertex 2.5 23.75 26.5
    endloop
  endfacet
  facet normal -0 0 -1
    outer loop
      vertex 2.5 37.75 26.5
      vertex 0 23.75 26.5
      vertex 0 37.75 26.5
    endloop
  endfacet
  facet normal 0 -1 0
    outer loop
      vertex 0 37.75 17.5
      vertex 2.5 37.75 26.5
      vertex 0 37.75 26.5
    endloop
  endfacet
  facet normal 0 -1 -0
    outer loop
      vertex 2.5 37.75 26.5
      vertex 0 37.75 17.5
      vertex 2.5 37.75 17.5
    endloop
  endfacet
  facet normal -0 0 1
    outer loop
      vertex 0 37.75 17.5
      vertex 2.5 23.75 17.5
      vertex 2.5 37.75 17.5
    endloop
  endfacet
  facet normal 0 0 1
    outer loop
      vertex 2.5 23.75 17.5
      vertex 0 37.75 17.5
      vertex 0 23.75 17.5
    endloop
  endfacet
  facet normal 0 1 -0
    outer loop
      vertex 2.5 23.75 17.5
      vertex 0 23.75 26.5
      vertex 2.5 23.75 26.5
    endloop
  endfacet
  facet normal 0 1 0
    outer loop
      vertex 0 23.75 26.5
      vertex 2.5 23.75 17.5
      vertex 0 23.75 17.5
    endloop
  endfacet
  facet normal 0 0.965925 -0.25882
    outer loop
      vertex 29.475 8.58404 6.53565
      vertex 19.475 9.23109 8.95046
      vertex 29.475 9.23109 8.95046
    endloop
  endfacet
  facet normal 0 0.965925 -0.25882
    outer loop
      vertex 19.475 9.23109 8.95046
      vertex 29.475 8.58404 6.53565
      vertex 19.475 8.58404 6.53565
    endloop
  endfacet
  facet normal 0 0.965925 -0.25882
    outer loop
      vertex 59.525 8.58404 6.53565
      vertex 30.475 9.23109 8.95046
      vertex 59.525 9.23109 8.95046
    endloop
  endfacet
  facet normal 0 0.965925 -0.25882
    outer loop
      vertex 30.475 9.23109 8.95046
      vertex 59.525 8.58404 6.53565
      vertex 30.475 8.58404 6.53565
    endloop
  endfacet
  facet normal 0 0.965925 -0.25882
    outer loop
      vertex 70.525 8.58404 6.53565
      vertex 60.525 9.23109 8.95046
      vertex 70.525 9.23109 8.95046
    endloop
  endfacet
  facet normal 0 0.965925 -0.25882
    outer loop
      vertex 60.525 9.23109 8.95046
      vertex 70.525 8.58404 6.53565
      vertex 60.525 8.58404 6.53565
    endloop
  endfacet
  facet normal 0 0.96593 -0.258803
    outer loop
      vertex 3.95 22.2756 57.6331
      vertex 18.475 22.9226 60.0479
      vertex 18.475 22.2756 57.6331
    endloop
  endfacet
  facet normal 0 0.96593 -0.258803
    outer loop
      vertex 18.475 22.9226 60.0479
      vertex 3.95 22.2756 57.6331
      vertex 2.5 22.9226 60.0479
    endloop
  endfacet
  facet normal -3.03047e-05 0.965926 -0.25882
    outer loop
      vertex 3.95 9.23109 8.95046
      vertex 2.5 22.9226 60.0479
      vertex 3.95 22.2756 57.6331
    endloop
  endfacet
  facet normal 0 0 -0
    outer loop
      vertex 70.525 9.23109 8.95046
      vertex 3.95 9.23109 8.95046
      vertex 71.525 9.23109 8.95046
    endloop
  endfacet
  facet normal 0 0 -0
    outer loop
      vertex 60.525 9.23109 8.95046
      vertex 3.95 9.23109 8.95046
      vertex 70.525 9.23109 8.95046
    endloop
  endfacet
  facet normal 0 0 -0
    outer loop
      vertex 59.525 9.23109 8.95046
      vertex 3.95 9.23109 8.95046
      vertex 60.525 9.23109 8.95046
    endloop
  endfacet
  facet normal 0 0 -0
    outer loop
      vertex 30.475 9.23109 8.95046
      vertex 3.95 9.23109 8.95046
      vertex 59.525 9.23109 8.95046
    endloop
  endfacet
  facet normal 0 0 -0
    outer loop
      vertex 29.475 9.23109 8.95046
      vertex 3.95 9.23109 8.95046
      vertex 30.475 9.23109 8.95046
    endloop
  endfacet
  facet normal 0 0 -0
    outer loop
      vertex 19.475 9.23109 8.95046
      vertex 3.95 9.23109 8.95046
      vertex 29.475 9.23109 8.95046
    endloop
  endfacet
  facet normal 0 0 -0
    outer loop
      vertex 18.475 9.23109 8.95046
      vertex 3.95 9.23109 8.95046
      vertex 19.475 9.23109 8.95046
    endloop
  endfacet
  facet normal 0 0.965925 -0.25882
    outer loop
      vertex 18.475 8.58404 6.53565
      vertex 3.95 9.23109 8.95046
      vertex 18.475 9.23109 8.95046
    endloop
  endfacet
  facet normal -2.53067e-06 0.965926 -0.258819
    outer loop
      vertex 3.95 9.23109 8.95046
      vertex 2.5 8.58404 6.53565
      vertex 2.5 22.9226 60.0479
    endloop
  endfacet
  facet normal 0 0.965925 -0.25882
    outer loop
      vertex 2.5 8.58404 6.53565
      vertex 3.95 9.23109 8.95046
      vertex 18.475 8.58404 6.53565
    endloop
  endfacet
  facet normal 0 0.96593 -0.258803
    outer loop
      vertex 29.475 22.2756 57.6331
      vertex 19.475 22.9226 60.0479
      vertex 29.475 22.9226 60.0479
    endloop
  endfacet
  facet normal 0 0.96593 -0.258803
    outer loop
      vertex 19.475 22.9226 60.0479
      vertex 29.475 22.2756 57.6331
      vertex 19.475 22.2756 57.6331
    endloop
  endfacet
  facet normal 0 0.96593 -0.258803
    outer loop
      vertex 59.525 22.2756 57.6331
      vertex 30.475 22.9226 60.0479
      vertex 59.525 22.9226 60.0479
    endloop
  endfacet
  facet normal 0 0.96593 -0.258803
    outer loop
      vertex 30.475 22.9226 60.0479
      vertex 59.525 22.2756 57.6331
      vertex 30.475 22.2756 57.6331
    endloop
  endfacet
  facet normal 0 0.96593 -0.258803
    outer loop
      vertex 70.525 22.2756 57.6331
      vertex 60.525 22.9226 60.0479
      vertex 70.525 22.9226 60.0479
    endloop
  endfacet
  facet normal 0 0.96593 -0.258803
    outer loop
      vertex 60.525 22.9226 60.0479
      vertex 70.525 22.2756 57.6331
      vertex 60.525 22.2756 57.6331
    endloop
  endfacet
  facet normal 0 0.96593 -0.258803
    outer loop
      vertex 87.5 22.9226 60.0479
      vertex 86.05 22.2756 57.6331
      vertex 71.525 22.9226 60.0479
    endloop
  endfacet
  facet normal 3.03047e-05 0.965926 -0.25882
    outer loop
      vertex 87.5 22.9226 60.0479
      vertex 86.05 9.23109 8.95046
      vertex 86.05 22.2756 57.6331
    endloop
  endfacet
  facet normal 0 0 0
    outer loop
      vertex 86.05 9.23109 8.95046
      vertex 71.525 9.23109 8.95046
      vertex 3.95 9.23109 8.95046
    endloop
  endfacet
  facet normal 2.53067e-06 0.965926 -0.258819
    outer loop
      vertex 87.5 8.58404 6.53565
      vertex 86.05 9.23109 8.95046
      vertex 87.5 22.9226 60.0479
    endloop
  endfacet
  facet normal 0 0.965925 -0.25882
    outer loop
      vertex 71.525 8.58404 6.53565
      vertex 86.05 9.23109 8.95046
      vertex 87.5 8.58404 6.53565
    endloop
  endfacet
  facet normal 0 0.965925 -0.25882
    outer loop
      vertex 86.05 9.23109 8.95046
      vertex 71.525 8.58404 6.53565
      vertex 71.525 9.23109 8.95046
    endloop
  endfacet
  facet normal 0 0.96593 -0.258803
    outer loop
      vertex 71.525 22.9226 60.0479
      vertex 86.05 22.2756 57.6331
      vertex 71.525 22.2756 57.6331
    endloop
  endfacet
  facet normal 0 0 0
    outer loop
      vertex 60.525 22.2756 57.6331
      vertex 70.525 22.2756 57.6331
      vertex 71.525 22.2756 57.6331
    endloop
  endfacet
  facet normal 0 0 0
    outer loop
      vertex 3.95 22.2756 57.6331
      vertex 18.475 22.2756 57.6331
      vertex 19.475 22.2756 57.6331
    endloop
  endfacet
  facet normal 0 0 0
    outer loop
      vertex 30.475 22.2756 57.6331
      vertex 59.525 22.2756 57.6331
      vertex 60.525 22.2756 57.6331
    endloop
  endfacet
  facet normal 0 0 0
    outer loop
      vertex 19.475 22.2756 57.6331
      vertex 29.475 22.2756 57.6331
      vertex 30.475 22.2756 57.6331
    endloop
  endfacet
  facet normal 0 0 0
    outer loop
      vertex 30.475 22.2756 57.6331
      vertex 60.525 22.2756 57.6331
      vertex 71.525 22.2756 57.6331
    endloop
  endfacet
  facet normal 0 0 0
    outer loop
      vertex 86.05 22.2756 57.6331
      vertex 3.95 22.2756 57.6331
      vertex 19.475 22.2756 57.6331
    endloop
  endfacet
  facet normal 0 0 0
    outer loop
      vertex 30.475 22.2756 57.6331
      vertex 71.525 22.2756 57.6331
      vertex 86.05 22.2756 57.6331
    endloop
  endfacet
  facet normal 0 0 0
    outer loop
      vertex 19.475 22.2756 57.6331
      vertex 30.475 22.2756 57.6331
      vertex 86.05 22.2756 57.6331
    endloop
  endfacet
  facet normal 0 -0.25882 -0.965926
    outer loop
      vertex 2.5 5.68626 7.31211
      vertex 18.475 8.58404 6.53565
      vertex 18.475 5.68626 7.31211
    endloop
  endfacet
  facet normal -0 -0.25882 -0.965926
    outer loop
      vertex 18.475 8.58404 6.53565
      vertex 2.5 5.68626 7.31211
      vertex 2.5 8.58404 6.53565
    endloop
  endfacet
  facet normal 0 -0.25882 -0.965926
    outer loop
      vertex 19.475 5.68626 7.31211
      vertex 29.475 8.58404 6.53565
      vertex 29.475 5.68626 7.31211
    endloop
  endfacet
  facet normal -0 -0.25882 -0.965926
    outer loop
      vertex 29.475 8.58404 6.53565
      vertex 19.475 5.68626 7.31211
      vertex 19.475 8.58404 6.53565
    endloop
  endfacet
  facet normal 0 -0.25882 -0.965926
    outer loop
      vertex 30.475 5.68626 7.31211
      vertex 59.525 8.58404 6.53565
      vertex 59.525 5.68626 7.31211
    endloop
  endfacet
  facet normal -0 -0.25882 -0.965926
    outer loop
      vertex 59.525 8.58404 6.53565
      vertex 30.475 5.68626 7.31211
      vertex 30.475 8.58404 6.53565
    endloop
  endfacet
  facet normal 0 -0.25882 -0.965926
    outer loop
      vertex 60.525 5.68626 7.31211
      vertex 70.525 8.58404 6.53565
      vertex 70.525 5.68626 7.31211
    endloop
  endfacet
  facet normal -0 -0.25882 -0.965926
    outer loop
      vertex 70.525 8.58404 6.53565
      vertex 60.525 5.68626 7.31211
      vertex 60.525 8.58404 6.53565
    endloop
  endfacet
  facet normal 0 -0.25882 -0.965926
    outer loop
      vertex 71.525 5.68626 7.31211
      vertex 87.5 8.58404 6.53565
      vertex 87.5 5.68626 7.31211
    endloop
  endfacet
  facet normal -0 -0.25882 -0.965926
    outer loop
      vertex 87.5 8.58404 6.53565
      vertex 71.525 5.68626 7.31211
      vertex 71.525 8.58404 6.53565
    endloop
  endfacet
  facet normal -0 0.25883 0.965923
    outer loop
      vertex 2.5 22.9226 60.0479
      vertex 18.475 20.0248 60.8244
      vertex 18.475 22.9226 60.0479
    endloop
  endfacet
  facet normal 0 0.25883 0.965923
    outer loop
      vertex 18.475 20.0248 60.8244
      vertex 2.5 22.9226 60.0479
      vertex 2.5 20.0248 60.8244
    endloop
  endfacet
  facet normal -0 0.25883 0.965923
    outer loop
      vertex 19.475 22.9226 60.0479
      vertex 29.475 20.0248 60.8244
      vertex 29.475 22.9226 60.0479
    endloop
  endfacet
  facet normal 0 0.25883 0.965923
    outer loop
      vertex 29.475 20.0248 60.8244
      vertex 19.475 22.9226 60.0479
      vertex 19.475 20.0248 60.8244
    endloop
  endfacet
  facet normal -0 0.25883 0.965923
    outer loop
      vertex 30.475 22.9226 60.0479
      vertex 59.525 20.0248 60.8244
      vertex 59.525 22.9226 60.0479
    endloop
  endfacet
  facet normal 0 0.25883 0.965923
    outer loop
      vertex 59.525 20.0248 60.8244
      vertex 30.475 22.9226 60.0479
      vertex 30.475 20.0248 60.8244
    endloop
  endfacet
  facet normal -0 0.25883 0.965923
    outer loop
      vertex 60.525 22.9226 60.0479
      vertex 70.525 20.0248 60.8244
      vertex 70.525 22.9226 60.0479
    endloop
  endfacet
  facet normal 0 0.25883 0.965923
    outer loop
      vertex 70.525 20.0248 60.8244
      vertex 60.525 22.9226 60.0479
      vertex 60.525 20.0248 60.8244
    endloop
  endfacet
  facet normal -0 0.25883 0.965923
    outer loop
      vertex 71.525 22.9226 60.0479
      vertex 87.5 20.0248 60.8244
      vertex 87.5 22.9226 60.0479
    endloop
  endfacet
  facet normal 0 0.25883 0.965923
    outer loop
      vertex 87.5 20.0248 60.8244
      vertex 71.525 22.9226 60.0479
      vertex 71.525 20.0248 60.8244
    endloop
  endfacet
  facet normal 1 0 0
    outer loop
      vertex 3.95 19.3778 58.4096
      vertex 3.95 9.23109 8.95046
      vertex 3.95 22.2756 57.6331
    endloop
  endfacet
  facet normal 1 0 -0
    outer loop
      vertex 3.95 9.23109 8.95046
      vertex 3.95 19.3778 58.4096
      vertex 3.95 6.33331 9.72692
    endloop
  endfacet
  facet normal -1 0 0
    outer loop
      vertex 86.05 9.23109 8.95046
      vertex 86.05 19.3778 58.4096
      vertex 86.05 22.2756 57.6331
    endloop
  endfacet
  facet normal -1 0 0
    outer loop
      vertex 86.05 19.3778 58.4096
      vertex 86.05 9.23109 8.95046
      vertex 86.05 6.33331 9.72692
    endloop
  endfacet
  facet normal -0 -0.25886 -0.965915
    outer loop
      vertex 18.475 19.3778 58.4096
      vertex 3.95 19.3778 58.4096
      vertex 18.475 21.1853 57.9252
    endloop
  endfacet
  facet normal -0 -0.258694 -0.965959
    outer loop
      vertex 19.475 21.1853 57.9252
      vertex 18.475 21.1853 57.9252
      vertex 19.475 21.8731 57.741
    endloop
  endfacet
  facet normal -0 -0.25886 -0.965915
    outer loop
      vertex 59.525 19.3778 58.4096
      vertex 30.475 19.3778 58.4096
      vertex 59.525 21.1853 57.9252
    endloop
  endfacet
  facet normal -0 -0.258694 -0.965959
    outer loop
      vertex 60.525 21.1853 57.9252
      vertex 59.525 21.1853 57.9252
      vertex 60.525 21.8731 57.741
    endloop
  endfacet
  facet normal 0 -0.25886 -0.965915
    outer loop
      vertex 71.525 21.1853 57.9252
      vertex 86.05 19.3778 58.4096
      vertex 71.525 19.3778 58.4096
    endloop
  endfacet
  facet normal 3.91436e-06 -0.25883 -0.965923
    outer loop
      vertex 86.05 19.3778 58.4096
      vertex 71.525 21.1853 57.9252
      vertex 86.05 22.2756 57.6331
    endloop
  endfacet
  facet normal 0 -0.258694 -0.965959
    outer loop
      vertex 70.525 21.8731 57.741
      vertex 71.525 21.1853 57.9252
      vertex 70.525 21.1853 57.9252
    endloop
  endfacet
  facet normal -6.37428e-06 -0.258703 -0.965957
    outer loop
      vertex 71.525 21.1853 57.9252
      vertex 70.525 21.8731 57.741
      vertex 86.05 22.2756 57.6331
    endloop
  endfacet
  facet normal 0 -0.258932 -0.965896
    outer loop
      vertex 60.525 21.8731 57.741
      vertex 86.05 22.2756 57.6331
      vertex 70.525 21.8731 57.741
    endloop
  endfacet
  facet normal 0 -0.25886 -0.965915
    outer loop
      vertex 30.475 21.1853 57.9252
      vertex 59.525 21.1853 57.9252
      vertex 30.475 19.3778 58.4096
    endloop
  endfacet
  facet normal -0 -0.258694 -0.965959
    outer loop
      vertex 59.525 21.1853 57.9252
      vertex 30.475 21.1853 57.9252
      vertex 60.525 21.8731 57.741
    endloop
  endfacet
  facet normal 0 -0.258694 -0.965959
    outer loop
      vertex 29.475 21.8731 57.741
      vertex 30.475 21.1853 57.9252
      vertex 29.475 21.1853 57.9252
    endloop
  endfacet
  facet normal 0 -0.258694 -0.965959
    outer loop
      vertex 30.475 21.1853 57.9252
      vertex 29.475 21.8731 57.741
      vertex 60.525 21.8731 57.741
    endloop
  endfacet
  facet normal 0 -0.258932 -0.965896
    outer loop
      vertex 29.475 21.8731 57.741
      vertex 86.05 22.2756 57.6331
      vertex 60.525 21.8731 57.741
    endloop
  endfacet
  facet normal 0 -0.258932 -0.965896
    outer loop
      vertex 3.95 22.2756 57.6331
      vertex 29.475 21.8731 57.741
      vertex 19.475 21.8731 57.741
    endloop
  endfacet
  facet normal -3.91436e-06 -0.25883 -0.965923
    outer loop
      vertex 3.95 22.2756 57.6331
      vertex 18.475 21.1853 57.9252
      vertex 3.95 19.3778 58.4096
    endloop
  endfacet
  facet normal 0 -0.258932 -0.965896
    outer loop
      vertex 29.475 21.8731 57.741
      vertex 3.95 22.2756 57.6331
      vertex 86.05 22.2756 57.6331
    endloop
  endfacet
  facet normal 6.37428e-06 -0.258703 -0.965957
    outer loop
      vertex 18.475 21.1853 57.9252
      vertex 3.95 22.2756 57.6331
      vertex 19.475 21.8731 57.741
    endloop
  endfacet
  facet normal 0 -0.25885 -0.965917
    outer loop
      vertex 19.475 19.3778 58.4096
      vertex 29.475 21.0682 57.9566
      vertex 29.475 19.3778 58.4096
    endloop
  endfacet
  facet normal -0 -0.25885 -0.965917
    outer loop
      vertex 29.475 21.0682 57.9566
      vertex 19.475 19.3778 58.4096
      vertex 19.475 21.0682 57.9566
    endloop
  endfacet
  facet normal 0 -0.25885 -0.965917
    outer loop
      vertex 60.525 19.3778 58.4096
      vertex 70.525 21.0682 57.9566
      vertex 70.525 19.3778 58.4096
    endloop
  endfacet
  facet normal -0 -0.25885 -0.965917
    outer loop
      vertex 70.525 21.0682 57.9566
      vertex 60.525 19.3778 58.4096
      vertex 60.525 21.0682 57.9566
    endloop
  endfacet
  facet normal 3.72108e-07 0.258819 0.965926
    outer loop
      vertex 70.525 8.02368 9.27399
      vertex 86.05 9.23109 8.95046
      vertex 70.525 8.82861 9.05831
    endloop
  endfacet
  facet normal 0 0.258832 0.965922
    outer loop
      vertex 86.05 9.23109 8.95046
      vertex 60.525 8.82861 9.05831
      vertex 70.525 8.82861 9.05831
    endloop
  endfacet
  facet normal 0 0.258819 0.965926
    outer loop
      vertex 60.525 8.82861 9.05831
      vertex 29.475 8.82861 9.05831
      vertex 60.525 8.02368 9.27399
    endloop
  endfacet
  facet normal 0 0.258832 0.965922
    outer loop
      vertex 86.05 9.23109 8.95046
      vertex 29.475 8.82861 9.05831
      vertex 60.525 8.82861 9.05831
    endloop
  endfacet
  facet normal -0 0.258832 0.965922
    outer loop
      vertex 3.95 9.23109 8.95046
      vertex 29.475 8.82861 9.05831
      vertex 86.05 9.23109 8.95046
    endloop
  endfacet
  facet normal -3.72108e-07 0.258819 0.965926
    outer loop
      vertex 19.475 8.82861 9.05831
      vertex 3.95 9.23109 8.95046
      vertex 19.475 8.02368 9.27399
    endloop
  endfacet
  facet normal 0 0.258832 0.965922
    outer loop
      vertex 29.475 8.82861 9.05831
      vertex 3.95 9.23109 8.95046
      vertex 19.475 8.82861 9.05831
    endloop
  endfacet
  facet normal 2.83302e-07 0.25882 0.965926
    outer loop
      vertex 86.05 9.23109 8.95046
      vertex 70.525 8.02368 9.27399
      vertex 86.05 6.33331 9.72692
    endloop
  endfacet
  facet normal -0 0.258817 0.965926
    outer loop
      vertex 60.525 8.02368 9.27399
      vertex 86.05 6.33331 9.72692
      vertex 70.525 8.02368 9.27399
    endloop
  endfacet
  facet normal -0 0.258819 0.965926
    outer loop
      vertex 29.475 8.02368 9.27399
      vertex 60.525 8.02368 9.27399
      vertex 29.475 8.82861 9.05831
    endloop
  endfacet
  facet normal 0 0.258817 0.965926
    outer loop
      vertex 60.525 8.02368 9.27399
      vertex 29.475 8.02368 9.27399
      vertex 86.05 6.33331 9.72692
    endloop
  endfacet
  facet normal 0 0.258817 0.965926
    outer loop
      vertex 3.95 6.33331 9.72692
      vertex 29.475 8.02368 9.27399
      vertex 19.475 8.02368 9.27399
    endloop
  endfacet
  facet normal 0 0.258817 0.965926
    outer loop
      vertex 29.475 8.02368 9.27399
      vertex 3.95 6.33331 9.72692
      vertex 86.05 6.33331 9.72692
    endloop
  endfacet
  facet normal -2.83302e-07 0.25882 0.965926
    outer loop
      vertex 3.95 6.33331 9.72692
      vertex 19.475 8.02368 9.27399
      vertex 3.95 9.23109 8.95046
    endloop
  endfacet
  facet normal -1 0 -0
    outer loop
      vertex 19.475 8.33426 10.4331
      vertex 19.475 8.82861 9.05831
      vertex 19.475 8.02368 9.27399
    endloop
  endfacet
  facet normal -1 -0 0
    outer loop
      vertex 19.475 21.1853 57.9252
      vertex 19.475 20.7576 56.7975
      vertex 19.475 21.0682 57.9566
    endloop
  endfacet
  facet normal -1 0 0
    outer loop
      vertex 19.475 20.7576 56.7975
      vertex 19.475 21.1853 57.9252
      vertex 19.475 21.8731 57.741
    endloop
  endfacet
  facet normal -1 0 0
    outer loop
      vertex 19.475 21.1853 57.9252
      vertex 19.475 22.9226 60.0479
      vertex 19.475 22.2756 57.6331
    endloop
  endfacet
  facet normal -1 0 0
    outer loop
      vertex 19.475 21.0682 57.9566
      vertex 19.475 22.9226 60.0479
      vertex 19.475 21.1853 57.9252
    endloop
  endfacet
  facet normal -1 0 0
    outer loop
      vertex 19.475 21.0682 57.9566
      vertex 19.475 20.0248 60.8244
      vertex 19.475 22.9226 60.0479
    endloop
  endfacet
  facet normal -1 0 -0
    outer loop
      vertex 19.475 20.0248 60.8244
      vertex 19.475 21.0682 57.9566
      vertex 19.475 19.3778 58.4096
    endloop
  endfacet
  facet normal 1 0 0
    outer loop
      vertex 29.475 8.82861 9.05831
      vertex 29.475 8.33426 10.4331
      vertex 29.475 8.02368 9.27399
    endloop
  endfacet
  facet normal 1 0 0
    outer loop
      vertex 29.475 21.1853 57.9252
      vertex 29.475 20.7576 56.7975
      vertex 29.475 21.8731 57.741
    endloop
  endfacet
  facet normal 1 0 0
    outer loop
      vertex 29.475 20.7576 56.7975
      vertex 29.475 21.1853 57.9252
      vertex 29.475 21.0682 57.9566
    endloop
  endfacet
  facet normal 1 0 0
    outer loop
      vertex 29.475 22.9226 60.0479
      vertex 29.475 21.1853 57.9252
      vertex 29.475 22.2756 57.6331
    endloop
  endfacet
  facet normal 1 0 0
    outer loop
      vertex 29.475 22.9226 60.0479
      vertex 29.475 21.0682 57.9566
      vertex 29.475 21.1853 57.9252
    endloop
  endfacet
  facet normal 1 0 0
    outer loop
      vertex 29.475 20.0248 60.8244
      vertex 29.475 21.0682 57.9566
      vertex 29.475 22.9226 60.0479
    endloop
  endfacet
  facet normal 1 0 0
    outer loop
      vertex 29.475 21.0682 57.9566
      vertex 29.475 20.0248 60.8244
      vertex 29.475 19.3778 58.4096
    endloop
  endfacet
  facet normal 0 -0.965926 0.258817
    outer loop
      vertex 19.475 8.02368 9.27399
      vertex 29.475 8.33426 10.4331
      vertex 19.475 8.33426 10.4331
    endloop
  endfacet
  facet normal 0 -0.965926 0.258817
    outer loop
      vertex 29.475 8.33426 10.4331
      vertex 19.475 8.02368 9.27399
      vertex 29.475 8.02368 9.27399
    endloop
  endfacet
  facet normal 0 0.941013 0.338371
    outer loop
      vertex 29.475 8.82861 9.05831
      vertex 19.475 8.33426 10.4331
      vertex 29.475 8.33426 10.4331
    endloop
  endfacet
  facet normal 0 0.941013 0.338371
    outer loop
      vertex 19.475 8.33426 10.4331
      vertex 29.475 8.82861 9.05831
      vertex 19.475 8.82861 9.05831
    endloop
  endfacet
  facet normal 0 -0.965922 0.258835
    outer loop
      vertex 19.475 20.7576 56.7975
      vertex 29.475 21.0682 57.9566
      vertex 19.475 21.0682 57.9566
    endloop
  endfacet
  facet normal 0 -0.965922 0.258835
    outer loop
      vertex 29.475 21.0682 57.9566
      vertex 19.475 20.7576 56.7975
      vertex 29.475 20.7576 56.7975
    endloop
  endfacet
  facet normal 0 0.645789 -0.763516
    outer loop
      vertex 19.475 20.7576 56.7975
      vertex 29.475 21.8731 57.741
      vertex 29.475 20.7576 56.7975
    endloop
  endfacet
  facet normal 0 0.645789 -0.763516
    outer loop
      vertex 29.475 21.8731 57.741
      vertex 19.475 20.7576 56.7975
      vertex 19.475 21.8731 57.741
    endloop
  endfacet
  facet normal -1 0 -0
    outer loop
      vertex 60.525 8.33426 10.4331
      vertex 60.525 8.82861 9.05831
      vertex 60.525 8.02368 9.27399
    endloop
  endfacet
  facet normal -1 -0 0
    outer loop
      vertex 60.525 21.1853 57.9252
      vertex 60.525 20.7576 56.7975
      vertex 60.525 21.0682 57.9566
    endloop
  endfacet
  facet normal -1 0 0
    outer loop
      vertex 60.525 20.7576 56.7975
      vertex 60.525 21.1853 57.9252
      vertex 60.525 21.8731 57.741
    endloop
  endfacet
  facet normal -1 0 0
    outer loop
      vertex 60.525 21.1853 57.9252
      vertex 60.525 22.9226 60.0479
      vertex 60.525 22.2756 57.6331
    endloop
  endfacet
  facet normal -1 0 0
    outer loop
      vertex 60.525 21.0682 57.9566
      vertex 60.525 22.9226 60.0479
      vertex 60.525 21.1853 57.9252
    endloop
  endfacet
  facet normal -1 0 0
    outer loop
      vertex 60.525 21.0682 57.9566
      vertex 60.525 20.0248 60.8244
      vertex 60.525 22.9226 60.0479
    endloop
  endfacet
  facet normal -1 0 -0
    outer loop
      vertex 60.525 20.0248 60.8244
      vertex 60.525 21.0682 57.9566
      vertex 60.525 19.3778 58.4096
    endloop
  endfacet
  facet normal 1 0 0
    outer loop
      vertex 70.525 8.82861 9.05831
      vertex 70.525 8.33426 10.4331
      vertex 70.525 8.02368 9.27399
    endloop
  endfacet
  facet normal 1 0 0
    outer loop
      vertex 70.525 21.1853 57.9252
      vertex 70.525 20.7576 56.7975
      vertex 70.525 21.8731 57.741
    endloop
  endfacet
  facet normal 1 0 0
    outer loop
      vertex 70.525 20.7576 56.7975
      vertex 70.525 21.1853 57.9252
      vertex 70.525 21.0682 57.9566
    endloop
  endfacet
  facet normal 1 0 0
    outer loop
      vertex 70.525 22.9226 60.0479
      vertex 70.525 21.1853 57.9252
      vertex 70.525 22.2756 57.6331
    endloop
  endfacet
  facet normal 1 0 0
    outer loop
      vertex 70.525 22.9226 60.0479
      vertex 70.525 21.0682 57.9566
      vertex 70.525 21.1853 57.9252
    endloop
  endfacet
  facet normal 1 0 0
    outer loop
      vertex 70.525 20.0248 60.8244
      vertex 70.525 21.0682 57.9566
      vertex 70.525 22.9226 60.0479
    endloop
  endfacet
  facet normal 1 0 0
    outer loop
      vertex 70.525 21.0682 57.9566
      vertex 70.525 20.0248 60.8244
      vertex 70.525 19.3778 58.4096
    endloop
  endfacet
  facet normal 0 -0.965926 0.258817
    outer loop
      vertex 60.525 8.02368 9.27399
      vertex 70.525 8.33426 10.4331
      vertex 60.525 8.33426 10.4331
    endloop
  endfacet
  facet normal 0 -0.965926 0.258817
    outer loop
      vertex 70.525 8.33426 10.4331
      vertex 60.525 8.02368 9.27399
      vertex 70.525 8.02368 9.27399
    endloop
  endfacet
  facet normal 0 0.941013 0.338371
    outer loop
      vertex 70.525 8.82861 9.05831
      vertex 60.525 8.33426 10.4331
      vertex 70.525 8.33426 10.4331
    endloop
  endfacet
  facet normal 0 0.941013 0.338371
    outer loop
      vertex 60.525 8.33426 10.4331
      vertex 70.525 8.82861 9.05831
      vertex 60.525 8.82861 9.05831
    endloop
  endfacet
  facet normal 0 -0.965922 0.258835
    outer loop
      vertex 60.525 20.7576 56.7975
      vertex 70.525 21.0682 57.9566
      vertex 60.525 21.0682 57.9566
    endloop
  endfacet
  facet normal 0 -0.965922 0.258835
    outer loop
      vertex 70.525 21.0682 57.9566
      vertex 60.525 20.7576 56.7975
      vertex 70.525 20.7576 56.7975
    endloop
  endfacet
  facet normal 0 0.645789 -0.763516
    outer loop
      vertex 60.525 20.7576 56.7975
      vertex 70.525 21.8731 57.741
      vertex 70.525 20.7576 56.7975
    endloop
  endfacet
  facet normal 0 0.645789 -0.763516
    outer loop
      vertex 70.525 21.8731 57.741
      vertex 60.525 20.7576 56.7975
      vertex 60.525 21.8731 57.741
    endloop
  endfacet
  facet normal 0.998802 0.0126686 0.0472727
    outer loop
      vertex 8.19511 7.1614 12.8174
      vertex 8.19302 8.52473 12.4962
      vertex 8.19302 7.17244 12.8586
    endloop
  endfacet
  facet normal 0.998796 0.012693 0.0473762
    outer loop
      vertex 8.19302 8.52473 12.4962
      vertex 8.19511 7.1614 12.8174
      vertex 8.2 8.48795 12.3589
    endloop
  endfacet
  facet normal -0.00185419 0.965917 -0.258845
    outer loop
      vertex 8.2 8.48795 12.3589
      vertex 8.19302 8.45117 12.2217
      vertex 8.19302 8.52473 12.4962
    endloop
  endfacet
  facet normal -0.0488766 0.258545 0.964762
    outer loop
      vertex 6.75 8.86324 13.7595
      vertex 6.65051 7.50967 14.1172
      vertex 6.75 7.51094 14.1219
    endloop
  endfacet
  facet normal 0.998794 0.0127075 0.0474182
    outer loop
      vertex 8.2 8.48795 12.3589
      vertex 8.19511 7.1614 12.8174
      vertex 8.2 7.13565 12.7213
    endloop
  endfacet
  facet normal 0.857726 -0.133079 -0.496584
    outer loop
      vertex 8.02879 6.95874 12.0611
      vertex 7.95563 8.27945 11.5808
      vertex 8.02879 8.31104 11.6987
    endloop
  endfacet
  facet normal 0.857726 -0.133079 -0.496584
    outer loop
      vertex 7.95563 8.27945 11.5808
      vertex 8.02879 6.95874 12.0611
      vertex 7.95563 6.92715 11.9432
    endloop
  endfacet
  facet normal 0.99879 -0.0127297 -0.0475012
    outer loop
      vertex 8.1979 7.12462 12.6801
      vertex 8.2 8.48795 12.3589
      vertex 8.2 7.13565 12.7213
    endloop
  endfacet
  facet normal 0.998795 -0.0127075 -0.0474067
    outer loop
      vertex 8.2 8.48795 12.3589
      vertex 8.1979 7.12462 12.6801
      vertex 8.19302 8.45117 12.2217
    endloop
  endfacet
  facet normal 0.000243225 0.965861 -0.259059
    outer loop
      vertex 6.06647 8.81892 13.5942
      vertex 5.54437 8.69645 13.1371
      vertex 5.72469 8.75332 13.3493
    endloop
  endfacet
  facet normal -0.970076 0.062834 0.234529
    outer loop
      vertex 5.32786 8.56116 12.6322
      vertex 5.32786 7.20887 12.9945
      vertex 5.35206 7.23387 13.0879
    endloop
  endfacet
  facet normal 0.336862 0.243725 0.909463
    outer loop
      vertex 7.17091 7.49478 14.0616
      vertex 7.30489 8.83467 13.6529
      vertex 7.17091 8.84708 13.6992
    endloop
  endfacet
  facet normal 0.336862 0.243725 0.909463
    outer loop
      vertex 7.30489 8.83467 13.6529
      vertex 7.17091 7.49478 14.0616
      vertex 7.30489 7.48237 14.0153
    endloop
  endfacet
  facet normal -0.513625 -0.222043 -0.828786
    outer loop
      vertex 6.02986 6.81036 11.5073
      vertex 5.94442 6.82361 11.5567
      vertex 5.94442 8.17591 11.1944
    endloop
  endfacet
  facet normal -2.65589e-05 0.965932 -0.258798
    outer loop
      vertex 6.75 8.86324 13.7595
      vertex 5.30698 8.52473 12.4962
      vertex 5.54437 8.69645 13.1371
    endloop
  endfacet
  facet normal -0.671522 0.191807 0.71573
    outer loop
      vertex 5.72469 8.75332 13.3493
      vertex 5.83013 7.42575 13.804
      vertex 5.83013 8.77805 13.4416
    endloop
  endfacet
  facet normal -0.671522 0.191807 0.71573
    outer loop
      vertex 5.83013 7.42575 13.804
      vertex 5.72469 8.75332 13.3493
      vertex 5.72469 7.40102 13.7117
    endloop
  endfacet
  facet normal -0.000191504 0.966408 -0.257012
    outer loop
      vertex 6.89212 8.11447 10.9651
      vertex 6.75 8.11266 10.9584
      vertex 7.03288 8.11987 10.9853
    endloop
  endfacet
  facet normal -0.514181 -0.222014 -0.828449
    outer loop
      vertex 6.02986 6.81036 11.5073
      vertex 6.06647 8.15698 11.1237
      vertex 6.06647 6.80468 11.4861
    endloop
  endfacet
  facet normal -0.514291 -0.221993 -0.828386
    outer loop
      vertex 6.06647 8.15698 11.1237
      vertex 6.02986 6.81036 11.5073
      vertex 5.94442 8.17591 11.1944
    endloop
  endfacet
  facet normal -0.0487716 0.258539 0.964769
    outer loop
      vertex 6.60787 8.86143 13.7528
      vertex 6.65051 7.50967 14.1172
      vertex 6.75 8.86324 13.7595
    endloop
  endfacet
  facet normal -0.0507835 0.258453 0.964688
    outer loop
      vertex 6.65051 7.50967 14.1172
      vertex 6.60787 8.86143 13.7528
      vertex 6.60787 7.50913 14.1151
    endloop
  endfacet
  facet normal -0.000311583 0.965883 -0.258978
    outer loop
      vertex 8.17214 8.56116 12.6322
      vertex 8.08962 8.63157 12.8949
      vertex 8.13756 8.59689 12.7655
    endloop
  endfacet
  facet normal 0.336862 -0.243662 -0.909479
    outer loop
      vertex 7.17091 8.12882 11.0187
      vertex 7.30489 6.78893 11.4273
      vertex 7.17091 6.77652 11.381
    endloop
  endfacet
  facet normal 0.336862 -0.243662 -0.909479
    outer loop
      vertex 7.30489 6.78893 11.4273
      vertex 7.17091 8.12882 11.0187
      vertex 7.30489 8.14123 11.065
    endloop
  endfacet
  facet normal -4.76963e-05 0.965934 -0.258788
    outer loop
      vertex 7.43353 8.15698 11.1237
      vertex 6.75 8.11266 10.9584
      vertex 8.19302 8.52473 12.4962
    endloop
  endfacet
  facet normal 0.426985 -0.234011 -0.873455
    outer loop
      vertex 7.30489 8.14123 11.065
      vertex 7.34348 6.79365 11.4449
      vertex 7.30489 6.78893 11.4273
    endloop
  endfacet
  facet normal 0.427176 -0.233981 -0.873369
    outer loop
      vertex 7.34348 6.79365 11.4449
      vertex 7.30489 8.14123 11.065
      vertex 7.43353 8.15698 11.1237
    endloop
  endfacet
  facet normal -0.336862 0.243725 0.909463
    outer loop
      vertex 6.19511 8.83467 13.6529
      vertex 6.32909 7.49478 14.0616
      vertex 6.32909 8.84708 13.6992
    endloop
  endfacet
  facet normal -0.336862 0.243725 0.909463
    outer loop
      vertex 6.32909 7.49478 14.0616
      vertex 6.19511 8.83467 13.6529
      vertex 6.19511 7.48237 14.0153
    endloop
  endfacet
  facet normal -0.998794 -0.0127042 -0.047419
    outer loop
      vertex 5.30698 7.09887 12.584
      vertex 5.30209 7.12462 12.6801
      vertex 5.30698 8.45117 12.2217
    endloop
  endfacet
  facet normal 0.595811 0.207838 0.775766
    outer loop
      vertex 7.55558 7.44769 13.8858
      vertex 7.66987 8.77805 13.4416
      vertex 7.55558 8.79999 13.5235
    endloop
  endfacet
  facet normal 0.595373 0.207976 0.776065
    outer loop
      vertex 7.66987 8.77805 13.4416
      vertex 7.55558 7.44769 13.8858
      vertex 7.66987 7.42575 13.804
    endloop
  endfacet
  facet normal 2.65589e-05 0.965932 -0.258798
    outer loop
      vertex 8.19302 8.52473 12.4962
      vertex 6.75 8.86324 13.7595
      vertex 7.95563 8.69645 13.1371
    endloop
  endfacet
  facet normal -0.000306057 0.965901 -0.258913
    outer loop
      vertex 8.19302 8.52473 12.4962
      vertex 7.95563 8.69645 13.1371
      vertex 8.08962 8.63157 12.8949
    endloop
  endfacet
  facet normal -0.000243264 0.965861 -0.259059
    outer loop
      vertex 7.95563 8.69645 13.1371
      vertex 7.43353 8.81892 13.5942
      vertex 7.7753 8.75332 13.3493
    endloop
  endfacet
  facet normal 0 0.965923 -0.258829
    outer loop
      vertex 6.75 8.11266 10.9584
      vertex 5.30698 8.52473 12.4962
      vertex 8.19302 8.52473 12.4962
    endloop
  endfacet
  facet normal 0.970048 -0.0628632 -0.234638
    outer loop
      vertex 8.16177 7.05172 12.408
      vertex 8.17214 8.41473 12.0857
      vertex 8.17214 7.06244 12.448
    endloop
  endfacet
  facet normal 0.970011 -0.0628968 -0.234781
    outer loop
      vertex 8.17214 8.41473 12.0857
      vertex 8.16177 7.05172 12.408
      vertex 8.13756 8.37901 11.9524
    endloop
  endfacet
  facet normal 0.000139926 0.965902 -0.258909
    outer loop
      vertex 7.66987 8.19785 11.2763
      vertex 7.43353 8.15698 11.1237
      vertex 8.13756 8.37901 11.9524
    endloop
  endfacet
  facet normal 0.428051 -0.23394 -0.872952
    outer loop
      vertex 7.43353 6.80468 11.4861
      vertex 7.34348 6.79365 11.4449
      vertex 7.43353 8.15698 11.1237
    endloop
  endfacet
  facet normal 0.00151396 0.965771 -0.259393
    outer loop
      vertex 8.08962 8.34433 11.823
      vertex 8.02879 8.31104 11.6987
      vertex 8.13756 8.37901 11.9524
    endloop
  endfacet
  facet normal 6.76386e-05 0.965917 -0.258851
    outer loop
      vertex 8.13756 8.37901 11.9524
      vertex 7.43353 8.15698 11.1237
      vertex 8.17214 8.41473 12.0857
    endloop
  endfacet
  facet normal 4.76963e-05 0.965934 -0.258788
    outer loop
      vertex 6.06647 8.15698 11.1237
      vertex 5.30698 8.52473 12.4962
      vertex 6.75 8.11266 10.9584
    endloop
  endfacet
  facet normal -6.359e-05 0.965919 -0.258845
    outer loop
      vertex 6.06647 8.15698 11.1237
      vertex 5.30698 8.45117 12.2217
      vertex 5.30698 8.52473 12.4962
    endloop
  endfacet
  facet normal 0.000305988 0.965901 -0.258913
    outer loop
      vertex 5.54437 8.69645 13.1371
      vertex 5.30698 8.52473 12.4962
      vertex 5.41037 8.63157 12.8949
    endloop
  endfacet
  facet normal -0.000114862 0.966004 -0.258529
    outer loop
      vertex 6.75 8.86324 13.7595
      vertex 6.06647 8.81892 13.5942
      vertex 6.60787 8.86143 13.7528
    endloop
  endfacet
  facet normal 0.243004 0.251095 0.936963
    outer loop
      vertex 7.03288 7.50373 14.095
      vertex 7.17091 8.84708 13.6992
      vertex 7.03288 8.85603 13.7326
    endloop
  endfacet
  facet normal 0.242601 0.251162 0.93705
    outer loop
      vertex 7.17091 8.84708 13.6992
      vertex 7.03288 7.50373 14.095
      vertex 7.07429 7.50104 14.085
    endloop
  endfacet
  facet normal -0.000217047 0.965698 -0.259669
    outer loop
      vertex 7.17091 8.84708 13.6992
      vertex 6.89212 8.86143 13.7528
      vertex 7.03288 8.85603 13.7326
    endloop
  endfacet
  facet normal 0.671557 0.191799 0.715699
    outer loop
      vertex 7.66987 7.42575 13.804
      vertex 7.7753 8.75332 13.3493
      vertex 7.66987 8.77805 13.4416
    endloop
  endfacet
  facet normal 0.671557 0.191799 0.715699
    outer loop
      vertex 7.7753 8.75332 13.3493
      vertex 7.66987 7.42575 13.804
      vertex 7.7753 7.40102 13.7117
    endloop
  endfacet
  facet normal 6.14283e-05 0.965948 -0.258735
    outer loop
      vertex 7.95563 8.69645 13.1371
      vertex 6.75 8.86324 13.7595
      vertex 7.43353 8.81892 13.5942
    endloop
  endfacet
  facet normal 0.970048 0.0628789 0.234633
    outer loop
      vertex 8.14793 7.23387 13.0879
      vertex 8.13756 8.59689 12.7655
      vertex 8.13756 7.24459 13.1279
    endloop
  endfacet
  facet normal 0.970012 0.0629116 0.234773
    outer loop
      vertex 8.13756 8.59689 12.7655
      vertex 8.14793 7.23387 13.0879
      vertex 8.17214 8.56116 12.6322
    endloop
  endfacet
  facet normal -0.427258 0.233977 0.87333
    outer loop
      vertex 6.06647 8.81892 13.5942
      vertex 6.06647 7.46662 13.9565
      vertex 6.15652 7.47765 13.9976
    endloop
  endfacet
  facet normal -0.427176 0.234048 0.873351
    outer loop
      vertex 6.06647 8.81892 13.5942
      vertex 6.19511 7.48237 14.0153
      vertex 6.19511 8.83467 13.6529
    endloop
  endfacet
  facet normal -0.428833 0.233665 0.872642
    outer loop
      vertex 6.19511 7.48237 14.0153
      vertex 6.06647 8.81892 13.5942
      vertex 6.15652 7.47765 13.9976
    endloop
  endfacet
  facet normal -0.989182 0.0379689 0.141698
    outer loop
      vertex 5.30698 8.52473 12.4962
      vertex 5.31325 7.18336 12.8994
      vertex 5.32786 8.56116 12.6322
    endloop
  endfacet
  facet normal -0.98916 0.0380109 0.141837
    outer loop
      vertex 5.31325 7.18336 12.8994
      vertex 5.30698 8.52473 12.4962
      vertex 5.30698 7.17244 12.8586
    endloop
  endfacet
  facet normal -0.989182 -0.0379652 -0.141696
    outer loop
      vertex 5.32786 8.41473 12.0857
      vertex 5.3216 7.07336 12.4888
      vertex 5.30698 8.45117 12.2217
    endloop
  endfacet
  facet normal -0.989194 -0.0379418 -0.141618
    outer loop
      vertex 5.3216 7.07336 12.4888
      vertex 5.32786 8.41473 12.0857
      vertex 5.32786 7.06244 12.448
    endloop
  endfacet
  facet normal -0.336862 -0.243662 -0.909479
    outer loop
      vertex 6.19511 6.78893 11.4273
      vertex 6.32909 8.12882 11.0187
      vertex 6.32909 6.77652 11.381
    endloop
  endfacet
  facet normal -0.336862 -0.243662 -0.909479
    outer loop
      vertex 6.32909 8.12882 11.0187
      vertex 6.19511 6.78893 11.4273
      vertex 6.19511 8.14123 11.065
    endloop
  endfacet
  facet normal -0.000134023 0.965784 -0.259349
    outer loop
      vertex 6.32909 8.12882 11.0187
      vertex 6.06647 8.15698 11.1237
      vertex 6.46712 8.11987 10.9853
    endloop
  endfacet
  facet normal -0.428051 -0.23394 -0.872952
    outer loop
      vertex 6.15652 6.79365 11.4449
      vertex 6.06647 6.80468 11.4861
      vertex 6.06647 8.15698 11.1237
    endloop
  endfacet
  facet normal 0.146934 -0.255978 -0.95545
    outer loop
      vertex 6.89212 8.11447 10.9651
      vertex 7.03288 6.76757 11.3476
      vertex 6.89212 6.76217 11.3274
    endloop
  endfacet
  facet normal 0.146934 -0.255978 -0.95545
    outer loop
      vertex 7.03288 6.76757 11.3476
      vertex 6.89212 8.11447 10.9651
      vertex 7.03288 8.11987 10.9853
    endloop
  endfacet
  facet normal 0.941531 -0.0871924 -0.325449
    outer loop
      vertex 8.13756 7.02671 12.3147
      vertex 8.08962 8.34433 11.823
      vertex 8.13756 8.37901 11.9524
    endloop
  endfacet
  facet normal 0.941531 -0.0871924 -0.325449
    outer loop
      vertex 8.08962 8.34433 11.823
      vertex 8.13756 7.02671 12.3147
      vertex 8.08962 6.99203 12.1853
    endloop
  endfacet
  facet normal 0.998799 -0.0126783 -0.0473223
    outer loop
      vertex 8.1979 7.12462 12.6801
      vertex 8.19302 7.09887 12.584
      vertex 8.19302 8.45117 12.2217
    endloop
  endfacet
  facet normal 0.740825 -0.173872 -0.648804
    outer loop
      vertex 7.87086 6.89757 11.8328
      vertex 7.7753 8.22258 11.3686
      vertex 7.87086 8.24987 11.4704
    endloop
  endfacet
  facet normal 0.741131 -0.17374 -0.64849
    outer loop
      vertex 7.7753 8.22258 11.3686
      vertex 7.87086 6.89757 11.8328
      vertex 7.7753 6.87028 11.7309
    endloop
  endfacet
  facet normal 0.000331097 0.965831 -0.259174
    outer loop
      vertex 6.06647 8.81892 13.5942
      vertex 5.72469 8.75332 13.3493
      vertex 5.94442 8.79999 13.5235
    endloop
  endfacet
  facet normal 0 0.965924 -0.258826
    outer loop
      vertex 8.19302 8.52473 12.4962
      vertex 5.30698 8.52473 12.4962
      vertex 6.75 8.86324 13.7595
    endloop
  endfacet
  facet normal -0.98917 0.0379838 0.141775
    outer loop
      vertex 5.32786 8.56116 12.6322
      vertex 5.31325 7.18336 12.8994
      vertex 5.32786 7.20887 12.9945
    endloop
  endfacet
  facet normal -0.000942879 0.965981 -0.25861
    outer loop
      vertex 5.41037 8.63157 12.8949
      vertex 5.30698 8.52473 12.4962
      vertex 5.32786 8.56116 12.6322
    endloop
  endfacet
  facet normal -0.740825 0.173872 0.648804
    outer loop
      vertex 5.62913 8.72603 13.2475
      vertex 5.72469 7.40102 13.7117
      vertex 5.72469 8.75332 13.3493
    endloop
  endfacet
  facet normal -0.741131 0.17374 0.64849
    outer loop
      vertex 5.72469 7.40102 13.7117
      vertex 5.62913 8.72603 13.2475
      vertex 5.62913 7.37373 13.6098
    endloop
  endfacet
  facet normal -0.146944 0.255978 0.955449
    outer loop
      vertex 6.46712 8.85603 13.7326
      vertex 6.60787 7.50913 14.1151
      vertex 6.60787 8.86143 13.7528
    endloop
  endfacet
  facet normal -0.14628 0.256069 0.955526
    outer loop
      vertex 6.60787 7.50913 14.1151
      vertex 6.46712 8.85603 13.7326
      vertex 6.46712 7.50373 14.095
    endloop
  endfacet
  facet normal 0.000217085 0.965698 -0.259669
    outer loop
      vertex 6.60787 8.86143 13.7528
      vertex 6.32909 8.84708 13.6992
      vertex 6.46712 8.85603 13.7326
    endloop
  endfacet
  facet normal -0.514383 0.221926 0.828347
    outer loop
      vertex 6.06647 8.81892 13.5942
      vertex 5.98104 7.45337 13.907
      vertex 6.06647 7.46662 13.9565
    endloop
  endfacet
  facet normal -0.514291 0.221933 0.828402
    outer loop
      vertex 5.94442 8.79999 13.5235
      vertex 5.98104 7.45337 13.907
      vertex 6.06647 8.81892 13.5942
    endloop
  endfacet
  facet normal -0.514078 0.221973 0.828524
    outer loop
      vertex 5.98104 7.45337 13.907
      vertex 5.94442 8.79999 13.5235
      vertex 5.94442 7.44769 13.8858
    endloop
  endfacet
  facet normal 0.427258 0.233977 0.87333
    outer loop
      vertex 7.43353 8.81892 13.5942
      vertex 7.34348 7.47765 13.9976
      vertex 7.43353 7.46662 13.9565
    endloop
  endfacet
  facet normal 0.146934 0.255978 0.95545
    outer loop
      vertex 6.89212 7.50913 14.1151
      vertex 7.03288 8.85603 13.7326
      vertex 6.89212 8.86143 13.7528
    endloop
  endfacet
  facet normal 0.146269 0.25607 0.955528
    outer loop
      vertex 7.03288 8.85603 13.7326
      vertex 6.89212 7.50913 14.1151
      vertex 7.03288 7.50373 14.095
    endloop
  endfacet
  facet normal -0.000163987 0.965883 -0.258977
    outer loop
      vertex 7.7753 8.75332 13.3493
      vertex 7.55558 8.79999 13.5235
      vertex 7.66987 8.77805 13.4416
    endloop
  endfacet
  facet normal 0.243177 0.251084 0.936922
    outer loop
      vertex 7.17091 8.84708 13.6992
      vertex 7.07429 7.50104 14.085
      vertex 7.17091 7.49478 14.0616
    endloop
  endfacet
  facet normal 0.941531 0.0872149 0.325443
    outer loop
      vertex 8.08962 7.27927 13.2573
      vertex 8.13756 8.59689 12.7655
      vertex 8.08962 8.63157 12.8949
    endloop
  endfacet
  facet normal 0.941531 0.0872149 0.325443
    outer loop
      vertex 8.13756 8.59689 12.7655
      vertex 8.08962 7.27927 13.2573
      vertex 8.13756 7.24459 13.1279
    endloop
  endfacet
  facet normal -0.904047 0.110614 0.412871
    outer loop
      vertex 5.41037 8.63157 12.8949
      vertex 5.47121 7.31256 13.3815
      vertex 5.47121 8.66486 13.0192
    endloop
  endfacet
  facet normal -0.903923 0.11071 0.413117
    outer loop
      vertex 5.47121 7.31256 13.3815
      vertex 5.41037 8.63157 12.8949
      vertex 5.41037 7.27927 13.2573
    endloop
  endfacet
  facet normal -6.14283e-05 0.965948 -0.258735
    outer loop
      vertex 6.75 8.86324 13.7595
      vertex 5.54437 8.69645 13.1371
      vertex 6.06647 8.81892 13.5942
    endloop
  endfacet
  facet normal -6.76386e-05 0.965917 -0.258851
    outer loop
      vertex 5.36244 8.37901 11.9524
      vertex 5.32786 8.41473 12.0857
      vertex 6.06647 8.15698 11.1237
    endloop
  endfacet
  facet normal -0.989176 -0.0379725 -0.141734
    outer loop
      vertex 5.3216 7.07336 12.4888
      vertex 5.30698 7.09887 12.584
      vertex 5.30698 8.45117 12.2217
    endloop
  endfacet
  facet normal -1.34465e-05 0.965871 -0.259024
    outer loop
      vertex 6.46712 8.11987 10.9853
      vertex 6.06647 8.15698 11.1237
      vertex 6.75 8.11266 10.9584
    endloop
  endfacet
  facet normal -0.242544 -0.251107 -0.937079
    outer loop
      vertex 6.32909 6.77652 11.381
      vertex 6.46712 8.11987 10.9853
      vertex 6.3705 6.77384 11.371
    endloop
  endfacet
  facet normal -0.243004 -0.25103 -0.936981
    outer loop
      vertex 6.46712 8.11987 10.9853
      vertex 6.32909 6.77652 11.381
      vertex 6.32909 8.12882 11.0187
    endloop
  endfacet
  facet normal -0.0488507 -0.258478 -0.964781
    outer loop
      vertex 6.70736 6.76091 11.3227
      vertex 6.60787 6.76217 11.3274
      vertex 6.60787 8.11447 10.9651
    endloop
  endfacet
  facet normal 0.0485871 -0.258482 -0.964794
    outer loop
      vertex 6.75 8.11266 10.9584
      vertex 6.79264 6.76091 11.3227
      vertex 6.75 6.76036 11.3207
    endloop
  endfacet
  facet normal 0.048775 -0.258474 -0.964786
    outer loop
      vertex 6.79264 6.76091 11.3227
      vertex 6.75 8.11266 10.9584
      vertex 6.89212 8.11447 10.9651
    endloop
  endfacet
  facet normal 1.34465e-05 0.965871 -0.259024
    outer loop
      vertex 7.03288 8.11987 10.9853
      vertex 6.75 8.11266 10.9584
      vertex 7.43353 8.15698 11.1237
    endloop
  endfacet
  facet normal 1.53848e-05 0.965927 -0.258814
    outer loop
      vertex 8.17214 8.41473 12.0857
      vertex 7.43353 8.15698 11.1237
      vertex 8.19302 8.45117 12.2217
    endloop
  endfacet
  facet normal 6.359e-05 0.965919 -0.258845
    outer loop
      vertex 8.19302 8.45117 12.2217
      vertex 7.43353 8.15698 11.1237
      vertex 8.19302 8.52473 12.4962
    endloop
  endfacet
  facet normal 0.904075 -0.110599 -0.412816
    outer loop
      vertex 8.08962 6.99203 12.1853
      vertex 8.02879 8.31104 11.6987
      vertex 8.08962 8.34433 11.823
    endloop
  endfacet
  facet normal 0.903951 -0.110696 -0.413062
    outer loop
      vertex 8.02879 8.31104 11.6987
      vertex 8.08962 6.99203 12.1853
      vertex 8.02879 6.95874 12.0611
    endloop
  endfacet
  facet normal -0.000123651 0.965947 -0.258739
    outer loop
      vertex 8.02879 8.31104 11.6987
      vertex 7.66987 8.19785 11.2763
      vertex 8.13756 8.37901 11.9524
    endloop
  endfacet
  facet normal 0.000398806 0.965801 -0.259283
    outer loop
      vertex 7.55558 8.17591 11.1944
      vertex 7.43353 8.15698 11.1237
      vertex 7.66987 8.19785 11.2763
    endloop
  endfacet
  facet normal 0.989182 -0.0379652 -0.141696
    outer loop
      vertex 8.1784 7.07336 12.4888
      vertex 8.17214 8.41473 12.0857
      vertex 8.19302 8.45117 12.2217
    endloop
  endfacet
  facet normal 0.989194 -0.0379418 -0.141618
    outer loop
      vertex 8.17214 8.41473 12.0857
      vertex 8.1784 7.07336 12.4888
      vertex 8.17214 7.06244 12.448
    endloop
  endfacet
  facet normal 0.989176 -0.0379725 -0.141734
    outer loop
      vertex 8.19302 7.09887 12.584
      vertex 8.1784 7.07336 12.4888
      vertex 8.19302 8.45117 12.2217
    endloop
  endfacet
  facet normal -0.000194628 0.965962 -0.258682
    outer loop
      vertex 7.87086 8.24987 11.4704
      vertex 7.66987 8.19785 11.2763
      vertex 8.02879 8.31104 11.6987
    endloop
  endfacet
  facet normal 2.72018e-05 0.965924 -0.258826
    outer loop
      vertex 7.95563 8.27945 11.5808
      vertex 7.87086 8.24987 11.4704
      vertex 8.02879 8.31104 11.6987
    endloop
  endfacet
  facet normal 0.803195 -0.154203 -0.575412
    outer loop
      vertex 7.95563 6.92715 11.9432
      vertex 7.87086 8.24987 11.4704
      vertex 7.95563 8.27945 11.5808
    endloop
  endfacet
  facet normal 0.803195 -0.154203 -0.575412
    outer loop
      vertex 7.87086 8.24987 11.4704
      vertex 7.95563 6.92715 11.9432
      vertex 7.87086 6.89757 11.8328
    endloop
  endfacet
  facet normal 0.00185419 0.965917 -0.258845
    outer loop
      vertex 5.30698 8.45117 12.2217
      vertex 5.3 8.48795 12.3589
      vertex 5.30698 8.52473 12.4962
    endloop
  endfacet
  facet normal -0.998795 -0.0127006 -0.0474086
    outer loop
      vertex 5.30209 7.12462 12.6801
      vertex 5.3 8.48795 12.3589
      vertex 5.30698 8.45117 12.2217
    endloop
  endfacet
  facet normal -0.998802 -0.0126693 -0.0472756
    outer loop
      vertex 5.3 8.48795 12.3589
      vertex 5.30209 7.12462 12.6801
      vertex 5.3 7.13565 12.7213
    endloop
  endfacet
  facet normal -0.000878171 0.966064 -0.258301
    outer loop
      vertex 5.54437 8.69645 13.1371
      vertex 5.41037 8.63157 12.8949
      vertex 5.47121 8.66486 13.0192
    endloop
  endfacet
  facet normal -0.998796 0.012693 0.0473762
    outer loop
      vertex 5.30489 7.1614 12.8174
      vertex 5.30698 8.52473 12.4962
      vertex 5.3 8.48795 12.3589
    endloop
  endfacet
  facet normal -0.998802 0.0126686 0.0472727
    outer loop
      vertex 5.30698 8.52473 12.4962
      vertex 5.30489 7.1614 12.8174
      vertex 5.30698 7.17244 12.8586
    endloop
  endfacet
  facet normal -0.998794 0.0127075 0.0474182
    outer loop
      vertex 5.3 8.48795 12.3589
      vertex 5.3 7.13565 12.7213
      vertex 5.30489 7.1614 12.8174
    endloop
  endfacet
  facet normal -0.243004 0.251095 0.936963
    outer loop
      vertex 6.32909 8.84708 13.6992
      vertex 6.46712 7.50373 14.095
      vertex 6.46712 8.85603 13.7326
    endloop
  endfacet
  facet normal -0.242601 0.251162 0.93705
    outer loop
      vertex 6.46712 7.50373 14.095
      vertex 6.32909 8.84708 13.6992
      vertex 6.42571 7.50104 14.085
    endloop
  endfacet
  facet normal -0.243177 0.251084 0.936922
    outer loop
      vertex 6.32909 8.84708 13.6992
      vertex 6.32909 7.49478 14.0616
      vertex 6.42571 7.50104 14.085
    endloop
  endfacet
  facet normal 0.000114872 0.966004 -0.258529
    outer loop
      vertex 7.43353 8.81892 13.5942
      vertex 6.75 8.86324 13.7595
      vertex 6.89212 8.86143 13.7528
    endloop
  endfacet
  facet normal -0.000166886 0.965763 -0.259426
    outer loop
      vertex 7.43353 8.81892 13.5942
      vertex 6.89212 8.86143 13.7528
      vertex 7.17091 8.84708 13.6992
    endloop
  endfacet
  facet normal -0.000331056 0.965831 -0.259174
    outer loop
      vertex 7.7753 8.75332 13.3493
      vertex 7.43353 8.81892 13.5942
      vertex 7.55558 8.79999 13.5235
    endloop
  endfacet
  facet normal 0.970053 0.0628584 0.23462
    outer loop
      vertex 8.17214 8.56116 12.6322
      vertex 8.14793 7.23387 13.0879
      vertex 8.17214 7.20887 12.9945
    endloop
  endfacet
  facet normal 0.514383 0.221926 0.828347
    outer loop
      vertex 7.43353 8.81892 13.5942
      vertex 7.43353 7.46662 13.9565
      vertex 7.51896 7.45337 13.907
    endloop
  endfacet
  facet normal 0.000942656 0.965981 -0.25861
    outer loop
      vertex 8.19302 8.52473 12.4962
      vertex 8.08962 8.63157 12.8949
      vertex 8.17214 8.56116 12.6322
    endloop
  endfacet
  facet normal 0.857726 0.133044 0.496593
    outer loop
      vertex 7.95563 7.34415 13.4994
      vertex 8.02879 8.66486 13.0192
      vertex 7.95563 8.69645 13.1371
    endloop
  endfacet
  facet normal 0.857726 0.133044 0.496593
    outer loop
      vertex 8.02879 8.66486 13.0192
      vertex 7.95563 7.34415 13.4994
      vertex 8.02879 7.31256 13.3815
    endloop
  endfacet
  facet normal -0.595811 0.207838 0.775766
    outer loop
      vertex 5.83013 8.77805 13.4416
      vertex 5.94442 7.44769 13.8858
      vertex 5.94442 8.79999 13.5235
    endloop
  endfacet
  facet normal -0.595373 0.207976 0.776065
    outer loop
      vertex 5.94442 7.44769 13.8858
      vertex 5.83013 8.77805 13.4416
      vertex 5.83013 7.42575 13.804
    endloop
  endfacet
  facet normal 0.000164057 0.965883 -0.258977
    outer loop
      vertex 5.94442 8.79999 13.5235
      vertex 5.72469 8.75332 13.3493
      vertex 5.83013 8.77805 13.4416
    endloop
  endfacet
  facet normal -0.000790461 0.966081 -0.25824
    outer loop
      vertex 5.72469 8.75332 13.3493
      vertex 5.54437 8.69645 13.1371
      vertex 5.62913 8.72603 13.2475
    endloop
  endfacet
  facet normal 0.000123651 0.965947 -0.258739
    outer loop
      vertex 5.47121 8.31104 11.6987
      vertex 5.36244 8.37901 11.9524
      vertex 5.83013 8.19785 11.2763
    endloop
  endfacet
  facet normal -0.969997 -0.0629156 -0.234835
    outer loop
      vertex 5.36244 7.02671 12.3147
      vertex 5.33823 7.05172 12.408
      vertex 5.36244 8.37901 11.9524
    endloop
  endfacet
  facet normal -0.970011 -0.0628968 -0.234781
    outer loop
      vertex 5.33823 7.05172 12.408
      vertex 5.32786 8.41473 12.0857
      vertex 5.36244 8.37901 11.9524
    endloop
  endfacet
  facet normal -0.970048 -0.0628632 -0.234638
    outer loop
      vertex 5.32786 8.41473 12.0857
      vertex 5.33823 7.05172 12.408
      vertex 5.32786 7.06244 12.448
    endloop
  endfacet
  facet normal -1.53848e-05 0.965927 -0.258814
    outer loop
      vertex 5.32786 8.41473 12.0857
      vertex 5.30698 8.45117 12.2217
      vertex 6.06647 8.15698 11.1237
    endloop
  endfacet
  facet normal -0.146944 -0.255978 -0.955449
    outer loop
      vertex 6.46712 6.76757 11.3476
      vertex 6.60787 8.11447 10.9651
      vertex 6.60787 6.76217 11.3274
    endloop
  endfacet
  facet normal -0.146944 -0.255978 -0.955449
    outer loop
      vertex 6.60787 8.11447 10.9651
      vertex 6.46712 6.76757 11.3476
      vertex 6.46712 8.11987 10.9853
    endloop
  endfacet
  facet normal -0.426985 -0.234011 -0.873455
    outer loop
      vertex 6.15652 6.79365 11.4449
      vertex 6.19511 8.14123 11.065
      vertex 6.19511 6.78893 11.4273
    endloop
  endfacet
  facet normal -0.427176 -0.233981 -0.873369
    outer loop
      vertex 6.19511 8.14123 11.065
      vertex 6.15652 6.79365 11.4449
      vertex 6.06647 8.15698 11.1237
    endloop
  endfacet
  facet normal 0.000191477 0.966408 -0.257013
    outer loop
      vertex 6.60787 8.11447 10.9651
      vertex 6.46712 8.11987 10.9853
      vertex 6.75 8.11266 10.9584
    endloop
  endfacet
  facet normal -0.0485871 -0.258482 -0.964794
    outer loop
      vertex 6.70736 6.76091 11.3227
      vertex 6.75 8.11266 10.9584
      vertex 6.75 6.76036 11.3207
    endloop
  endfacet
  facet normal -0.0487716 -0.258474 -0.964786
    outer loop
      vertex 6.75 8.11266 10.9584
      vertex 6.70736 6.76091 11.3227
      vertex 6.60787 8.11447 10.9651
    endloop
  endfacet
  facet normal 0.0003835 0.965627 -0.259931
    outer loop
      vertex 7.30489 8.14123 11.065
      vertex 7.17091 8.12882 11.0187
      vertex 7.43353 8.15698 11.1237
    endloop
  endfacet
  facet normal 0.0488556 -0.258478 -0.964781
    outer loop
      vertex 6.89212 6.76217 11.3274
      vertex 6.79264 6.76091 11.3227
      vertex 6.89212 8.11447 10.9651
    endloop
  endfacet
  facet normal 0.969997 -0.0629156 -0.234835
    outer loop
      vertex 8.16177 7.05172 12.408
      vertex 8.13756 7.02671 12.3147
      vertex 8.13756 8.37901 11.9524
    endloop
  endfacet
  facet normal 0.000683179 0.965735 -0.25953
    outer loop
      vertex 7.7753 8.22258 11.3686
      vertex 7.66987 8.19785 11.2763
      vertex 7.87086 8.24987 11.4704
    endloop
  endfacet
  facet normal 0.000166898 0.965763 -0.259426
    outer loop
      vertex 6.60787 8.86143 13.7528
      vertex 6.06647 8.81892 13.5942
      vertex 6.32909 8.84708 13.6992
    endloop
  endfacet
  facet normal 0.0003835 0.965627 -0.259931
    outer loop
      vertex 6.32909 8.84708 13.6992
      vertex 6.06647 8.81892 13.5942
      vertex 6.19511 8.83467 13.6529
    endloop
  endfacet
  facet normal 0.427176 0.234048 0.873351
    outer loop
      vertex 7.30489 7.48237 14.0153
      vertex 7.43353 8.81892 13.5942
      vertex 7.30489 8.83467 13.6529
    endloop
  endfacet
  facet normal 0.428833 0.233665 0.872642
    outer loop
      vertex 7.43353 8.81892 13.5942
      vertex 7.30489 7.48237 14.0153
      vertex 7.34348 7.47765 13.9976
    endloop
  endfacet
  facet normal -0.0003835 0.965627 -0.259931
    outer loop
      vertex 7.43353 8.81892 13.5942
      vertex 7.17091 8.84708 13.6992
      vertex 7.30489 8.83467 13.6529
    endloop
  endfacet
  facet normal 0.00079088 0.966081 -0.258239
    outer loop
      vertex 7.95563 8.69645 13.1371
      vertex 7.7753 8.75332 13.3493
      vertex 7.87086 8.72603 13.2475
    endloop
  endfacet
  facet normal 0.514078 0.221973 0.828524
    outer loop
      vertex 7.55558 8.79999 13.5235
      vertex 7.51896 7.45337 13.907
      vertex 7.55558 7.44769 13.8858
    endloop
  endfacet
  facet normal 0.514291 0.221933 0.828402
    outer loop
      vertex 7.51896 7.45337 13.907
      vertex 7.55558 8.79999 13.5235
      vertex 7.43353 8.81892 13.5942
    endloop
  endfacet
  facet normal 0.0507954 0.258453 0.964687
    outer loop
      vertex 6.89212 8.86143 13.7528
      vertex 6.84949 7.50967 14.1172
      vertex 6.89212 7.50913 14.1151
    endloop
  endfacet
  facet normal 0.048775 0.258539 0.964769
    outer loop
      vertex 6.84949 7.50967 14.1172
      vertex 6.89212 8.86143 13.7528
      vertex 6.75 8.86324 13.7595
    endloop
  endfacet
  facet normal 0.0488766 0.258545 0.964762
    outer loop
      vertex 6.75 8.86324 13.7595
      vertex 6.75 7.51094 14.1219
      vertex 6.84949 7.50967 14.1172
    endloop
  endfacet
  facet normal 0.904075 0.110599 0.412816
    outer loop
      vertex 8.02879 7.31256 13.3815
      vertex 8.08962 8.63157 12.8949
      vertex 8.02879 8.66486 13.0192
    endloop
  endfacet
  facet normal 0.903951 0.110696 0.413062
    outer loop
      vertex 8.08962 8.63157 12.8949
      vertex 8.02879 7.31256 13.3815
      vertex 8.08962 7.27927 13.2573
    endloop
  endfacet
  facet normal 0.000877632 0.966064 -0.258302
    outer loop
      vertex 8.08962 8.63157 12.8949
      vertex 7.95563 8.69645 13.1371
      vertex 8.02879 8.66486 13.0192
    endloop
  endfacet
  facet normal 0.98917 0.0379838 0.141775
    outer loop
      vertex 8.17214 8.56116 12.6322
      vertex 8.17214 7.20887 12.9945
      vertex 8.18675 7.18336 12.8994
    endloop
  endfacet
  facet normal 0.989182 0.0379689 0.141698
    outer loop
      vertex 8.18675 7.18336 12.8994
      vertex 8.19302 8.52473 12.4962
      vertex 8.17214 8.56116 12.6322
    endloop
  endfacet
  facet normal 0.98916 0.0380109 0.141837
    outer loop
      vertex 8.19302 8.52473 12.4962
      vertex 8.18675 7.18336 12.8994
      vertex 8.19302 7.17244 12.8586
    endloop
  endfacet
  facet normal 0.803195 0.154164 0.575423
    outer loop
      vertex 7.87086 7.37373 13.6098
      vertex 7.95563 8.69645 13.1371
      vertex 7.87086 8.72603 13.2475
    endloop
  endfacet
  facet normal 0.803195 0.154164 0.575423
    outer loop
      vertex 7.95563 8.69645 13.1371
      vertex 7.87086 7.37373 13.6098
      vertex 7.95563 7.34415 13.4994
    endloop
  endfacet
  facet normal 0.740825 0.173872 0.648804
    outer loop
      vertex 7.7753 7.40102 13.7117
      vertex 7.87086 8.72603 13.2475
      vertex 7.7753 8.75332 13.3493
    endloop
  endfacet
  facet normal 0.741131 0.17374 0.64849
    outer loop
      vertex 7.87086 8.72603 13.2475
      vertex 7.7753 7.40102 13.7117
      vertex 7.87086 7.37373 13.6098
    endloop
  endfacet
  facet normal -0.970012 0.0629183 0.234771
    outer loop
      vertex 5.35206 7.23387 13.0879
      vertex 5.36244 8.59689 12.7655
      vertex 5.32786 8.56116 12.6322
    endloop
  endfacet
  facet normal -0.969993 0.062936 0.234846
    outer loop
      vertex 5.36244 8.59689 12.7655
      vertex 5.35206 7.23387 13.0879
      vertex 5.36244 7.24459 13.1279
    endloop
  endfacet
  facet normal -0.941553 0.0871987 0.325383
    outer loop
      vertex 5.36244 8.59689 12.7655
      vertex 5.41037 7.27927 13.2573
      vertex 5.41037 8.63157 12.8949
    endloop
  endfacet
  facet normal -0.941553 0.0871987 0.325383
    outer loop
      vertex 5.41037 7.27927 13.2573
      vertex 5.36244 8.59689 12.7655
      vertex 5.36244 7.24459 13.1279
    endloop
  endfacet
  facet normal 0.0003118 0.965883 -0.258978
    outer loop
      vertex 5.41037 8.63157 12.8949
      vertex 5.32786 8.56116 12.6322
      vertex 5.36244 8.59689 12.7655
    endloop
  endfacet
  facet normal -0.803229 0.154152 0.575379
    outer loop
      vertex 5.54437 8.69645 13.1371
      vertex 5.62913 7.37373 13.6098
      vertex 5.62913 8.72603 13.2475
    endloop
  endfacet
  facet normal -0.803229 0.154152 0.575379
    outer loop
      vertex 5.62913 7.37373 13.6098
      vertex 5.54437 8.69645 13.1371
      vertex 5.54437 7.34415 13.4994
    endloop
  endfacet
  facet normal -0.857726 0.133044 0.496593
    outer loop
      vertex 5.47121 8.66486 13.0192
      vertex 5.54437 7.34415 13.4994
      vertex 5.54437 8.69645 13.1371
    endloop
  endfacet
  facet normal -0.857726 0.133044 0.496593
    outer loop
      vertex 5.54437 7.34415 13.4994
      vertex 5.47121 8.66486 13.0192
      vertex 5.47121 7.31256 13.3815
    endloop
  endfacet
  facet normal -0.00151195 0.965771 -0.259393
    outer loop
      vertex 5.41037 8.34433 11.823
      vertex 5.36244 8.37901 11.9524
      vertex 5.47121 8.31104 11.6987
    endloop
  endfacet
  facet normal -0.000139926 0.965902 -0.258909
    outer loop
      vertex 5.83013 8.19785 11.2763
      vertex 5.36244 8.37901 11.9524
      vertex 6.06647 8.15698 11.1237
    endloop
  endfacet
  facet normal -0.803229 -0.154192 -0.575368
    outer loop
      vertex 5.62913 8.24987 11.4704
      vertex 5.54437 6.92715 11.9432
      vertex 5.54437 8.27945 11.5808
    endloop
  endfacet
  facet normal -0.803229 -0.154192 -0.575368
    outer loop
      vertex 5.54437 6.92715 11.9432
      vertex 5.62913 8.24987 11.4704
      vertex 5.62913 6.89757 11.8328
    endloop
  endfacet
  facet normal -0.740825 -0.173872 -0.648804
    outer loop
      vertex 5.72469 8.22258 11.3686
      vertex 5.62913 6.89757 11.8328
      vertex 5.62913 8.24987 11.4704
    endloop
  endfacet
  facet normal -0.741131 -0.17374 -0.64849
    outer loop
      vertex 5.62913 6.89757 11.8328
      vertex 5.72469 8.22258 11.3686
      vertex 5.72469 6.87028 11.7309
    endloop
  endfacet
  facet normal 0.000194574 0.965962 -0.258682
    outer loop
      vertex 5.62913 8.24987 11.4704
      vertex 5.47121 8.31104 11.6987
      vertex 5.83013 8.19785 11.2763
    endloop
  endfacet
  facet normal -0.0003835 0.965627 -0.259931
    outer loop
      vertex 6.19511 8.14123 11.065
      vertex 6.06647 8.15698 11.1237
      vertex 6.32909 8.12882 11.0187
    endloop
  endfacet
  facet normal -0.243201 -0.251017 -0.936933
    outer loop
      vertex 6.46712 6.76757 11.3476
      vertex 6.3705 6.77384 11.371
      vertex 6.46712 8.11987 10.9853
    endloop
  endfacet
  facet normal 0.243201 -0.251017 -0.936933
    outer loop
      vertex 7.1295 6.77384 11.371
      vertex 7.03288 6.76757 11.3476
      vertex 7.03288 8.11987 10.9853
    endloop
  endfacet
  facet normal 0.242544 -0.251107 -0.937079
    outer loop
      vertex 7.03288 8.11987 10.9853
      vertex 7.17091 6.77652 11.381
      vertex 7.1295 6.77384 11.371
    endloop
  endfacet
  facet normal 0.243004 -0.25103 -0.936981
    outer loop
      vertex 7.17091 6.77652 11.381
      vertex 7.03288 8.11987 10.9853
      vertex 7.17091 8.12882 11.0187
    endloop
  endfacet
  facet normal 0.000134023 0.965784 -0.259349
    outer loop
      vertex 7.17091 8.12882 11.0187
      vertex 7.03288 8.11987 10.9853
      vertex 7.43353 8.15698 11.1237
    endloop
  endfacet
  facet normal 0.513625 -0.222043 -0.828786
    outer loop
      vertex 7.55558 6.82361 11.5567
      vertex 7.47014 6.81036 11.5073
      vertex 7.55558 8.17591 11.1944
    endloop
  endfacet
  facet normal 0.514181 -0.222014 -0.828449
    outer loop
      vertex 7.43353 8.15698 11.1237
      vertex 7.47014 6.81036 11.5073
      vertex 7.43353 6.80468 11.4861
    endloop
  endfacet
  facet normal 0.514291 -0.221993 -0.828386
    outer loop
      vertex 7.47014 6.81036 11.5073
      vertex 7.43353 8.15698 11.1237
      vertex 7.55558 8.17591 11.1944
    endloop
  endfacet
  facet normal 0.595811 -0.207838 -0.775766
    outer loop
      vertex 7.55558 8.17591 11.1944
      vertex 7.66987 6.84555 11.6386
      vertex 7.55558 6.82361 11.5567
    endloop
  endfacet
  facet normal 0.595811 -0.207838 -0.775766
    outer loop
      vertex 7.66987 6.84555 11.6386
      vertex 7.55558 8.17591 11.1944
      vertex 7.66987 8.19785 11.2763
    endloop
  endfacet
  facet normal 0.671557 -0.191749 -0.715712
    outer loop
      vertex 7.66987 8.19785 11.2763
      vertex 7.7753 6.87028 11.7309
      vertex 7.66987 6.84555 11.6386
    endloop
  endfacet
  facet normal 0.671557 -0.191749 -0.715712
    outer loop
      vertex 7.7753 6.87028 11.7309
      vertex 7.66987 8.19785 11.2763
      vertex 7.7753 8.22258 11.3686
    endloop
  endfacet
  facet normal -0.000398806 0.965801 -0.259283
    outer loop
      vertex 5.94442 8.17591 11.1944
      vertex 5.83013 8.19785 11.2763
      vertex 6.06647 8.15698 11.1237
    endloop
  endfacet
  facet normal -0.595811 -0.207838 -0.775766
    outer loop
      vertex 5.83013 6.84555 11.6386
      vertex 5.94442 8.17591 11.1944
      vertex 5.94442 6.82361 11.5567
    endloop
  endfacet
  facet normal -0.595811 -0.207838 -0.775766
    outer loop
      vertex 5.94442 8.17591 11.1944
      vertex 5.83013 6.84555 11.6386
      vertex 5.83013 8.19785 11.2763
    endloop
  endfacet
  facet normal -0.000682816 0.965735 -0.25953
    outer loop
      vertex 5.72469 8.22258 11.3686
      vertex 5.62913 8.24987 11.4704
      vertex 5.83013 8.19785 11.2763
    endloop
  endfacet
  facet normal -0.671522 -0.191757 -0.715743
    outer loop
      vertex 5.72469 6.87028 11.7309
      vertex 5.83013 8.19785 11.2763
      vertex 5.83013 6.84555 11.6386
    endloop
  endfacet
  facet normal -0.671522 -0.191757 -0.715743
    outer loop
      vertex 5.83013 8.19785 11.2763
      vertex 5.72469 6.87028 11.7309
      vertex 5.72469 8.22258 11.3686
    endloop
  endfacet
  facet normal -0.857726 -0.133079 -0.496584
    outer loop
      vertex 5.54437 8.27945 11.5808
      vertex 5.47121 6.95874 12.0611
      vertex 5.47121 8.31104 11.6987
    endloop
  endfacet
  facet normal -0.857726 -0.133079 -0.496584
    outer loop
      vertex 5.47121 6.95874 12.0611
      vertex 5.54437 8.27945 11.5808
      vertex 5.54437 6.92715 11.9432
    endloop
  endfacet
  facet normal -0.904047 -0.110614 -0.412871
    outer loop
      vertex 5.47121 8.31104 11.6987
      vertex 5.41037 6.99203 12.1853
      vertex 5.41037 8.34433 11.823
    endloop
  endfacet
  facet normal -0.903923 -0.11071 -0.413117
    outer loop
      vertex 5.41037 6.99203 12.1853
      vertex 5.47121 8.31104 11.6987
      vertex 5.47121 6.95874 12.0611
    endloop
  endfacet
  facet normal -0.941553 -0.0871763 -0.325389
    outer loop
      vertex 5.41037 8.34433 11.823
      vertex 5.36244 7.02671 12.3147
      vertex 5.36244 8.37901 11.9524
    endloop
  endfacet
  facet normal -0.941553 -0.0871763 -0.325389
    outer loop
      vertex 5.36244 7.02671 12.3147
      vertex 5.41037 8.34433 11.823
      vertex 5.41037 6.99203 12.1853
    endloop
  endfacet
  facet normal -2.72185e-05 0.965924 -0.258826
    outer loop
      vertex 5.54437 8.27945 11.5808
      vertex 5.47121 8.31104 11.6987
      vertex 5.62913 8.24987 11.4704
    endloop
  endfacet
  facet normal 0.998801 0.0126716 0.0472841
    outer loop
      vertex 8.19511 18.6012 55.5113
      vertex 8.19302 19.9645 55.1901
      vertex 8.19302 18.6122 55.5525
    endloop
  endfacet
  facet normal 0.998794 0.0127025 0.0474155
    outer loop
      vertex 8.19302 19.9645 55.1901
      vertex 8.19511 18.6012 55.5113
      vertex 8.2 19.9278 55.0529
    endloop
  endfacet
  facet normal 0.998795 0.0127017 0.0474131
    outer loop
      vertex 8.2 19.9278 55.0529
      vertex 8.19511 18.6012 55.5113
      vertex 8.2 18.5754 55.4152
    endloop
  endfacet
  facet normal 0 0.965913 -0.258866
    outer loop
      vertex 7.66987 19.6376 53.9702
      vertex 5.47121 20.1047 55.7131
      vertex 8.02879 20.1047 55.7131
    endloop
  endfacet
  facet normal 0 0.965913 -0.258866
    outer loop
      vertex 5.47121 20.1047 55.7131
      vertex 7.66987 19.6376 53.9702
      vertex 5.83013 19.6376 53.9702
    endloop
  endfacet
  facet normal -0.0021157 0.965676 -0.25974
    outer loop
      vertex 8.13756 20.0367 55.4594
      vertex 8.02879 20.1047 55.7131
      vertex 8.08962 20.0714 55.5888
    endloop
  endfacet
  facet normal -0.671443 0.191825 0.715799
    outer loop
      vertex 5.72469 20.1931 56.0432
      vertex 5.72469 18.8408 56.4056
      vertex 5.7985 18.8581 56.4702
    endloop
  endfacet
  facet normal 0.24303 0.251028 0.936974
    outer loop
      vertex 7.17091 20.2869 56.3932
      vertex 7.07429 18.9408 56.7789
      vertex 7.17091 18.9346 56.7555
    endloop
  endfacet
  facet normal 0.242919 -0.251036 -0.937001
    outer loop
      vertex 7.03288 19.5597 53.6792
      vertex 7.17091 18.2163 54.0749
      vertex 7.03288 18.2074 54.0415
    endloop
  endfacet
  facet normal 0.242919 -0.251036 -0.937001
    outer loop
      vertex 7.17091 18.2163 54.0749
      vertex 7.03288 19.5597 53.6792
      vertex 7.17091 19.5686 53.7126
    endloop
  endfacet
  facet normal 0.857905 0.132967 0.496305
    outer loop
      vertex 8.02879 20.1047 55.7131
      vertex 7.97758 18.7745 56.158
      vertex 8.02879 18.7524 56.0754
    endloop
  endfacet
  facet normal -1.20977e-05 0.965914 -0.258864
    outer loop
      vertex 8.13756 19.8188 54.6463
      vertex 7.66987 19.6376 53.9702
      vertex 8.02879 20.1047 55.7131
    endloop
  endfacet
  facet normal 0.000255912 0.965999 -0.258547
    outer loop
      vertex 8.02879 20.1047 55.7131
      vertex 7.30489 20.2745 56.3468
      vertex 7.55558 20.2398 56.2174
    endloop
  endfacet
  facet normal -0.000321943 0.965947 -0.258739
    outer loop
      vertex 7.87086 19.6897 54.1643
      vertex 7.7753 19.6624 54.0625
      vertex 7.95563 19.7193 54.2747
    endloop
  endfacet
  facet normal -0.000255912 0.965999 -0.258547
    outer loop
      vertex 6.19511 20.2745 56.3468
      vertex 5.47121 20.1047 55.7131
      vertex 5.94442 20.2398 56.2174
    endloop
  endfacet
  facet normal 0 0.966097 -0.258181
    outer loop
      vertex 7.30489 20.2745 56.3468
      vertex 6.32909 20.2869 56.3932
      vertex 7.17091 20.2869 56.3932
    endloop
  endfacet
  facet normal 0 0.966097 -0.258181
    outer loop
      vertex 6.32909 20.2869 56.3932
      vertex 7.30489 20.2745 56.3468
      vertex 6.19511 20.2745 56.3468
    endloop
  endfacet
  facet normal 0.000478996 0.965957 -0.258703
    outer loop
      vertex 8.2 19.9278 55.0529
      vertex 8.02879 20.1047 55.7131
      vertex 8.13756 20.0367 55.4594
    endloop
  endfacet
  facet normal 0.0010414 0.966182 -0.257859
    outer loop
      vertex 8.02879 20.1047 55.7131
      vertex 7.55558 20.2398 56.2174
      vertex 7.87086 20.1658 55.9414
    endloop
  endfacet
  facet normal 0.0494341 0.258471 0.964753
    outer loop
      vertex 6.75 18.9507 56.8158
      vertex 6.89212 20.3012 56.4467
      vertex 6.75 20.303 56.4535
    endloop
  endfacet
  facet normal 0.0487569 0.258546 0.964768
    outer loop
      vertex 6.89212 20.3012 56.4467
      vertex 6.75 18.9507 56.8158
      vertex 6.89212 18.9489 56.8091
    endloop
  endfacet
  facet normal 0 0.965948 -0.258736
    outer loop
      vertex 7.17091 19.5686 53.7126
      vertex 5.83013 19.6376 53.9702
      vertex 7.66987 19.6376 53.9702
    endloop
  endfacet
  facet normal 0 0.965948 -0.258736
    outer loop
      vertex 5.83013 19.6376 53.9702
      vertex 7.17091 19.5686 53.7126
      vertex 6.32909 19.5686 53.7126
    endloop
  endfacet
  facet normal 0.00382464 0.967697 -0.252089
    outer loop
      vertex 7.55558 20.2398 56.2174
      vertex 7.30489 20.2745 56.3468
      vertex 7.43353 20.2587 56.2881
    endloop
  endfacet
  facet normal -0.970009 -0.0629002 -0.234789
    outer loop
      vertex 5.36244 19.8188 54.6463
      vertex 5.35206 18.4772 55.0486
      vertex 5.32786 19.8545 54.7796
    endloop
  endfacet
  facet normal -0.969986 -0.0629272 -0.234878
    outer loop
      vertex 5.35206 18.4772 55.0486
      vertex 5.36244 19.8188 54.6463
      vertex 5.36244 18.4665 55.0086
    endloop
  endfacet
  facet normal 0.00146092 0.966163 -0.257929
    outer loop
      vertex 5.72469 19.6624 54.0625
      vertex 5.36244 19.8188 54.6463
      vertex 5.83013 19.6376 53.9702
    endloop
  endfacet
  facet normal 0.903707 -0.1108 -0.413566
    outer loop
      vertex 8.07137 18.4218 54.842
      vertex 8.08962 19.7841 54.5169
      vertex 8.08962 18.4318 54.8792
    endloop
  endfacet
  facet normal 0.904078 -0.110623 -0.412802
    outer loop
      vertex 8.08962 19.7841 54.5169
      vertex 8.07137 18.4218 54.842
      vertex 8.02879 19.7508 54.3926
    endloop
  endfacet
  facet normal -0.000298564 0.965906 -0.258891
    outer loop
      vertex 8.13756 19.8188 54.6463
      vertex 8.02879 20.1047 55.7131
      vertex 8.2 19.9278 55.0529
    endloop
  endfacet
  facet normal -0.00146127 0.966163 -0.257928
    outer loop
      vertex 7.7753 19.6624 54.0625
      vertex 7.66987 19.6376 53.9702
      vertex 8.13756 19.8188 54.6463
    endloop
  endfacet
  facet normal 0.000670514 0.965833 -0.259163
    outer loop
      vertex 8.02879 19.7508 54.3926
      vertex 7.7753 19.6624 54.0625
      vertex 8.13756 19.8188 54.6463
    endloop
  endfacet
  facet normal 0.90393 0.110678 0.413112
    outer loop
      vertex 8.02879 20.1047 55.7131
      vertex 8.02879 18.7524 56.0754
      vertex 8.07137 18.729 55.9885
    endloop
  endfacet
  facet normal -0.00491162 0.964315 -0.264711
    outer loop
      vertex 7.7753 20.1931 56.0432
      vertex 7.55558 20.2398 56.2174
      vertex 7.66987 20.2179 56.1355
    endloop
  endfacet
  facet normal -0.000270112 0.965808 -0.259257
    outer loop
      vertex 7.87086 20.1658 55.9414
      vertex 7.55558 20.2398 56.2174
      vertex 7.7753 20.1931 56.0432
    endloop
  endfacet
  facet normal 0.000270064 0.965808 -0.259257
    outer loop
      vertex 5.94442 20.2398 56.2174
      vertex 5.62913 20.1658 55.9414
      vertex 5.72469 20.1931 56.0432
    endloop
  endfacet
  facet normal -0.0494306 -0.258471 -0.964754
    outer loop
      vertex 6.60787 18.202 54.0214
      vertex 6.75 19.5525 53.6523
      vertex 6.75 18.2002 54.0146
    endloop
  endfacet
  facet normal -0.0487534 -0.258546 -0.964768
    outer loop
      vertex 6.75 19.5525 53.6523
      vertex 6.60787 18.202 54.0214
      vertex 6.60787 19.5543 53.659
    endloop
  endfacet
  facet normal -0.00382464 0.967697 -0.252089
    outer loop
      vertex 6.19511 20.2745 56.3468
      vertex 5.94442 20.2398 56.2174
      vertex 6.06647 20.2587 56.2881
    endloop
  endfacet
  facet normal 0.00211289 0.965677 -0.259739
    outer loop
      vertex 5.47121 20.1047 55.7131
      vertex 5.36244 20.0367 55.4594
      vertex 5.41037 20.0714 55.5888
    endloop
  endfacet
  facet normal 0.970009 -0.0629069 -0.234787
    outer loop
      vertex 8.14793 18.4772 55.0486
      vertex 8.13756 19.8188 54.6463
      vertex 8.17214 19.8545 54.7796
    endloop
  endfacet
  facet normal 0.970041 -0.0628701 -0.234665
    outer loop
      vertex 8.13756 19.8188 54.6463
      vertex 8.14793 18.4772 55.0486
      vertex 8.13756 18.4665 55.0086
    endloop
  endfacet
  facet normal 0.998799 -0.01268 -0.0473284
    outer loop
      vertex 8.1979 18.5644 55.374
      vertex 8.19302 18.5387 55.2779
      vertex 8.19302 19.891 54.9156
    endloop
  endfacet
  facet normal 0.00515609 0.96561 -0.259944
    outer loop
      vertex 8.17214 19.8545 54.7796
      vertex 8.13756 19.8188 54.6463
      vertex 8.19302 19.891 54.9156
    endloop
  endfacet
  facet normal -0.000474961 0.965913 -0.258866
    outer loop
      vertex 8.19302 19.891 54.9156
      vertex 8.13756 19.8188 54.6463
      vertex 8.2 19.9278 55.0529
    endloop
  endfacet
  facet normal 0.00837263 0.966108 -0.258001
    outer loop
      vertex 8.2 19.9278 55.0529
      vertex 8.17214 20.001 55.3261
      vertex 8.19302 19.9645 55.1901
    endloop
  endfacet
  facet normal -0.000727779 0.96591 -0.258876
    outer loop
      vertex 8.2 19.9278 55.0529
      vertex 8.13756 20.0367 55.4594
      vertex 8.17214 20.001 55.3261
    endloop
  endfacet
  facet normal 0.146269 -0.25607 -0.955528
    outer loop
      vertex 6.89212 19.5543 53.659
      vertex 7.03288 18.2074 54.0415
      vertex 6.89212 18.202 54.0214
    endloop
  endfacet
  facet normal 0.146934 -0.255978 -0.95545
    outer loop
      vertex 7.03288 18.2074 54.0415
      vertex 6.89212 19.5543 53.659
      vertex 7.03288 19.5597 53.6792
    endloop
  endfacet
  facet normal 0.803253 -0.154172 -0.575339
    outer loop
      vertex 7.95563 18.3669 54.6371
      vertex 7.89629 18.3462 54.5598
      vertex 7.95563 19.7193 54.2747
    endloop
  endfacet
  facet normal 0.0021157 0.965676 -0.25974
    outer loop
      vertex 8.08962 19.7841 54.5169
      vertex 8.02879 19.7508 54.3926
      vertex 8.13756 19.8188 54.6463
    endloop
  endfacet
  facet normal 0.740833 0.173869 0.648796
    outer loop
      vertex 7.7753 18.8408 56.4056
      vertex 7.87086 20.1658 55.9414
      vertex 7.7753 20.1931 56.0432
    endloop
  endfacet
  facet normal 0.741139 0.173737 0.648481
    outer loop
      vertex 7.87086 20.1658 55.9414
      vertex 7.7753 18.8408 56.4056
      vertex 7.87086 18.8135 56.3037
    endloop
  endfacet
  facet normal 0.803208 0.154194 0.575397
    outer loop
      vertex 7.9302 18.7928 56.2265
      vertex 7.95563 20.1362 55.831
      vertex 7.87086 20.1658 55.9414
    endloop
  endfacet
  facet normal 0.803903 0.153916 0.5745
    outer loop
      vertex 7.95563 20.1362 55.831
      vertex 7.9302 18.7928 56.2265
      vertex 7.95563 18.7839 56.1933
    endloop
  endfacet
  facet normal 0.671626 0.191769 0.715641
    outer loop
      vertex 7.66987 18.8655 56.4979
      vertex 7.7753 20.1931 56.0432
      vertex 7.66987 20.2179 56.1355
    endloop
  endfacet
  facet normal 0.671606 0.191777 0.715659
    outer loop
      vertex 7.7753 20.1931 56.0432
      vertex 7.66987 18.8655 56.4979
      vertex 7.7015 18.8581 56.4702
    endloop
  endfacet
  facet normal 0.59566 0.207907 0.775864
    outer loop
      vertex 7.66987 20.2179 56.1355
      vertex 7.58986 18.8809 56.5552
      vertex 7.66987 18.8655 56.4979
    endloop
  endfacet
  facet normal -0.00018168 0.965759 -0.259439
    outer loop
      vertex 7.03288 20.2958 56.4265
      vertex 6.75 20.303 56.4535
      vertex 6.89212 20.3012 56.4467
    endloop
  endfacet
  facet normal 0.595764 0.207901 0.775785
    outer loop
      vertex 7.55558 18.8875 56.5798
      vertex 7.66987 20.2179 56.1355
      vertex 7.55558 20.2398 56.2174
    endloop
  endfacet
  facet normal 0.596397 0.207702 0.775352
    outer loop
      vertex 7.66987 20.2179 56.1355
      vertex 7.55558 18.8875 56.5798
      vertex 7.58986 18.8809 56.5552
    endloop
  endfacet
  facet normal 0.337447 0.243608 0.909277
    outer loop
      vertex 7.17091 18.9346 56.7555
      vertex 7.30489 20.2745 56.3468
      vertex 7.17091 20.2869 56.3932
    endloop
  endfacet
  facet normal 0.336846 0.243726 0.909468
    outer loop
      vertex 7.30489 20.2745 56.3468
      vertex 7.17091 18.9346 56.7555
      vertex 7.30489 18.9222 56.7092
    endloop
  endfacet
  facet normal -3.89372e-05 0.965929 -0.258806
    outer loop
      vertex 6.19511 19.581 53.7589
      vertex 5.83013 19.6376 53.9702
      vertex 6.32909 19.5686 53.7126
    endloop
  endfacet
  facet normal 0 0.965926 -0.25882
    outer loop
      vertex 8.02879 20.1047 55.7131
      vertex 6.19511 20.2745 56.3468
      vertex 7.30489 20.2745 56.3468
    endloop
  endfacet
  facet normal 0 0.965926 -0.25882
    outer loop
      vertex 6.19511 20.2745 56.3468
      vertex 8.02879 20.1047 55.7131
      vertex 5.47121 20.1047 55.7131
    endloop
  endfacet
  facet normal 0.000727779 0.96591 -0.258876
    outer loop
      vertex 5.36244 20.0367 55.4594
      vertex 5.3 19.9278 55.0529
      vertex 5.32786 20.001 55.3261
    endloop
  endfacet
  facet normal 0 0.966235 -0.257663
    outer loop
      vertex 7.03288 20.2958 56.4265
      vertex 6.46712 20.2958 56.4265
      vertex 6.75 20.303 56.4535
    endloop
  endfacet
  facet normal -0.989184 0.0379682 0.141679
    outer loop
      vertex 5.30698 19.9645 55.1901
      vertex 5.32786 18.6487 55.6885
      vertex 5.32786 20.001 55.3261
    endloop
  endfacet
  facet normal -0.989184 0.0379682 0.141679
    outer loop
      vertex 5.32786 18.6487 55.6885
      vertex 5.30698 19.9645 55.1901
      vertex 5.30698 18.6122 55.5525
    endloop
  endfacet
  facet normal -0.000478996 0.965957 -0.258703
    outer loop
      vertex 5.47121 20.1047 55.7131
      vertex 5.3 19.9278 55.0529
      vertex 5.36244 20.0367 55.4594
    endloop
  endfacet
  facet normal -0.513529 0.222115 0.828826
    outer loop
      vertex 5.94442 20.2398 56.2174
      vertex 5.94442 18.8875 56.5798
      vertex 6.02986 18.9007 56.6292
    endloop
  endfacet
  facet normal -0.00104122 0.966182 -0.257859
    outer loop
      vertex 5.94442 20.2398 56.2174
      vertex 5.47121 20.1047 55.7131
      vertex 5.62913 20.1658 55.9414
    endloop
  endfacet
  facet normal 0.0494341 -0.258471 -0.964753
    outer loop
      vertex 6.75 19.5525 53.6523
      vertex 6.89212 18.202 54.0214
      vertex 6.75 18.2002 54.0146
    endloop
  endfacet
  facet normal 0.0487569 -0.258546 -0.964768
    outer loop
      vertex 6.89212 18.202 54.0214
      vertex 6.75 19.5525 53.6523
      vertex 6.89212 19.5543 53.659
    endloop
  endfacet
  facet normal 3.89372e-05 0.965929 -0.258806
    outer loop
      vertex 7.30489 19.581 53.7589
      vertex 7.17091 19.5686 53.7126
      vertex 7.66987 19.6376 53.9702
    endloop
  endfacet
  facet normal 0.803208 -0.154183 -0.5754
    outer loop
      vertex 7.89629 18.3462 54.5598
      vertex 7.87086 19.6897 54.1643
      vertex 7.95563 19.7193 54.2747
    endloop
  endfacet
  facet normal 0.802886 -0.154311 -0.575814
    outer loop
      vertex 7.87086 19.6897 54.1643
      vertex 7.89629 18.3462 54.5598
      vertex 7.87086 18.3374 54.5267
    endloop
  endfacet
  facet normal -0.00408005 0.966733 -0.255756
    outer loop
      vertex 7.95563 19.7193 54.2747
      vertex 7.7753 19.6624 54.0625
      vertex 8.02879 19.7508 54.3926
    endloop
  endfacet
  facet normal 0.99879 -0.0127279 -0.047511
    outer loop
      vertex 8.1979 18.5644 55.374
      vertex 8.2 19.9278 55.0529
      vertex 8.2 18.5754 55.4152
    endloop
  endfacet
  facet normal 0.998797 -0.0126956 -0.0473737
    outer loop
      vertex 8.2 19.9278 55.0529
      vertex 8.1979 18.5644 55.374
      vertex 8.19302 19.891 54.9156
    endloop
  endfacet
  facet normal 0 0.966205 -0.257775
    outer loop
      vertex 6.89212 19.5543 53.659
      vertex 6.32909 19.5686 53.7126
      vertex 7.17091 19.5686 53.7126
    endloop
  endfacet
  facet normal 0 0.966205 -0.257775
    outer loop
      vertex 6.32909 19.5686 53.7126
      vertex 6.89212 19.5543 53.659
      vertex 6.60787 19.5543 53.659
    endloop
  endfacet
  facet normal -0.14628 -0.256069 -0.955526
    outer loop
      vertex 6.46712 18.2074 54.0415
      vertex 6.60787 19.5543 53.659
      vertex 6.60787 18.202 54.0214
    endloop
  endfacet
  facet normal -0.146944 -0.255978 -0.955449
    outer loop
      vertex 6.60787 19.5543 53.659
      vertex 6.46712 18.2074 54.0415
      vertex 6.46712 19.5597 53.6792
    endloop
  endfacet
  facet normal 0.741565 -0.17366 -0.648015
    outer loop
      vertex 7.8422 18.3292 54.4961
      vertex 7.87086 19.6897 54.1643
      vertex 7.87086 18.3374 54.5267
    endloop
  endfacet
  facet normal 0.740833 -0.173837 -0.648804
    outer loop
      vertex 7.87086 19.6897 54.1643
      vertex 7.8422 18.3292 54.4961
      vertex 7.7753 19.6624 54.0625
    endloop
  endfacet
  facet normal 0.740956 -0.173789 -0.648676
    outer loop
      vertex 7.8422 18.3292 54.4961
      vertex 7.7753 18.3101 54.4248
      vertex 7.7753 19.6624 54.0625
    endloop
  endfacet
  facet normal 0.595708 -0.207912 -0.775825
    outer loop
      vertex 7.63558 18.2788 54.308
      vertex 7.55558 18.2634 54.2507
      vertex 7.55558 19.6157 53.8883
    endloop
  endfacet
  facet normal 0.904078 0.110621 0.412803
    outer loop
      vertex 8.07137 18.729 55.9885
      vertex 8.08962 20.0714 55.5888
      vertex 8.02879 20.1047 55.7131
    endloop
  endfacet
  facet normal 0.904011 0.110663 0.412939
    outer loop
      vertex 8.08962 20.0714 55.5888
      vertex 8.07137 18.729 55.9885
      vertex 8.08962 18.7191 55.9512
    endloop
  endfacet
  facet normal 0.941535 0.0872119 0.325432
    outer loop
      vertex 8.08962 18.7191 55.9512
      vertex 8.13756 20.0367 55.4594
      vertex 8.08962 20.0714 55.5888
    endloop
  endfacet
  facet normal 0.941535 0.0872119 0.325432
    outer loop
      vertex 8.13756 20.0367 55.4594
      vertex 8.08962 18.7191 55.9512
      vertex 8.13756 18.6844 55.8218
    endloop
  endfacet
  facet normal 0.989184 0.0379682 0.141679
    outer loop
      vertex 8.17214 18.6487 55.6885
      vertex 8.19302 19.9645 55.1901
      vertex 8.17214 20.001 55.3261
    endloop
  endfacet
  facet normal 0.989184 0.0379682 0.141679
    outer loop
      vertex 8.19302 19.9645 55.1901
      vertex 8.17214 18.6487 55.6885
      vertex 8.19302 18.6122 55.5525
    endloop
  endfacet
  facet normal 0.802909 0.154263 0.575795
    outer loop
      vertex 7.87086 20.1658 55.9414
      vertex 7.87086 18.8135 56.3037
      vertex 7.9302 18.7928 56.2265
    endloop
  endfacet
  facet normal 0.513529 0.222115 0.828826
    outer loop
      vertex 7.55558 20.2398 56.2174
      vertex 7.47014 18.9007 56.6292
      vertex 7.55558 18.8875 56.5798
    endloop
  endfacet
  facet normal 0.514251 0.221946 0.828424
    outer loop
      vertex 7.43353 18.9064 56.6504
      vertex 7.55558 20.2398 56.2174
      vertex 7.43353 20.2587 56.2881
    endloop
  endfacet
  facet normal 0.51427 0.221941 0.828413
    outer loop
      vertex 7.55558 20.2398 56.2174
      vertex 7.43353 18.9064 56.6504
      vertex 7.47014 18.9007 56.6292
    endloop
  endfacet
  facet normal 0.671493 0.191814 0.715755
    outer loop
      vertex 7.7753 20.1931 56.0432
      vertex 7.7015 18.8581 56.4702
      vertex 7.7753 18.8408 56.4056
    endloop
  endfacet
  facet normal -0.904051 -0.110642 -0.412857
    outer loop
      vertex 5.42863 18.4218 54.842
      vertex 5.41037 19.7841 54.5169
      vertex 5.47121 19.7508 54.3926
    endloop
  endfacet
  facet normal -0.903616 -0.11085 -0.413751
    outer loop
      vertex 5.41037 19.7841 54.5169
      vertex 5.42863 18.4218 54.842
      vertex 5.41037 18.4318 54.8792
    endloop
  endfacet
  facet normal -0.671938 -0.19166 -0.715378
    outer loop
      vertex 5.7985 18.2928 54.3602
      vertex 5.83013 19.6376 53.9702
      vertex 5.83013 18.2853 54.3325
    endloop
  endfacet
  facet normal -0.671591 -0.191755 -0.715678
    outer loop
      vertex 5.83013 19.6376 53.9702
      vertex 5.7985 18.2928 54.3602
      vertex 5.72469 19.6624 54.0625
    endloop
  endfacet
  facet normal -0.803301 -0.154156 -0.575276
    outer loop
      vertex 5.6037 18.3462 54.5598
      vertex 5.54437 18.3669 54.6371
      vertex 5.54437 19.7193 54.2747
    endloop
  endfacet
  facet normal -0.671591 0.191777 0.715672
    outer loop
      vertex 5.72469 20.1931 56.0432
      vertex 5.83013 18.8655 56.4979
      vertex 5.83013 20.2179 56.1355
    endloop
  endfacet
  facet normal -0.671606 0.191772 0.71566
    outer loop
      vertex 5.83013 18.8655 56.4979
      vertex 5.72469 20.1931 56.0432
      vertex 5.7985 18.8581 56.4702
    endloop
  endfacet
  facet normal 0.428734 0.233796 0.872655
    outer loop
      vertex 7.43353 20.2587 56.2881
      vertex 7.39494 18.9111 56.6681
      vertex 7.43353 18.9064 56.6504
    endloop
  endfacet
  facet normal 0.427251 0.234027 0.87332
    outer loop
      vertex 7.39494 18.9111 56.6681
      vertex 7.43353 20.2587 56.2881
      vertex 7.30489 20.2745 56.3468
    endloop
  endfacet
  facet normal 0.146934 0.256044 0.955433
    outer loop
      vertex 6.89212 18.9489 56.8091
      vertex 7.03288 20.2958 56.4265
      vertex 6.89212 20.3012 56.4467
    endloop
  endfacet
  facet normal 0.146934 0.256044 0.955433
    outer loop
      vertex 7.03288 20.2958 56.4265
      vertex 6.89212 18.9489 56.8091
      vertex 7.03288 18.9435 56.7889
    endloop
  endfacet
  facet normal 0.24228 0.251142 0.937138
    outer loop
      vertex 7.03288 18.9435 56.7889
      vertex 7.17091 20.2869 56.3932
      vertex 7.03288 20.2958 56.4265
    endloop
  endfacet
  facet normal 0.242658 0.251079 0.937057
    outer loop
      vertex 7.17091 20.2869 56.3932
      vertex 7.03288 18.9435 56.7889
      vertex 7.07429 18.9408 56.7789
    endloop
  endfacet
  facet normal -0.90393 0.110678 0.413112
    outer loop
      vertex 5.47121 20.1047 55.7131
      vertex 5.42863 18.729 55.9885
      vertex 5.47121 18.7524 56.0754
    endloop
  endfacet
  facet normal -0.904051 0.110632 0.412859
    outer loop
      vertex 5.41037 20.0714 55.5888
      vertex 5.42863 18.729 55.9885
      vertex 5.47121 20.1047 55.7131
    endloop
  endfacet
  facet normal -0.90392 0.110712 0.413124
    outer loop
      vertex 5.42863 18.729 55.9885
      vertex 5.41037 20.0714 55.5888
      vertex 5.41037 18.7191 55.9512
    endloop
  endfacet
  facet normal 0.514251 -0.221946 -0.828424
    outer loop
      vertex 7.43353 19.5968 53.8177
      vertex 7.55558 18.2634 54.2507
      vertex 7.43353 18.2445 54.18
    endloop
  endfacet
  facet normal 0.513751 -0.222081 -0.828697
    outer loop
      vertex 7.55558 18.2634 54.2507
      vertex 7.43353 19.5968 53.8177
      vertex 7.55558 19.6157 53.8883
    endloop
  endfacet
  facet normal 0.989184 -0.0379584 -0.141682
    outer loop
      vertex 8.19302 18.5387 55.2779
      vertex 8.17214 19.8545 54.7796
      vertex 8.19302 19.891 54.9156
    endloop
  endfacet
  facet normal 0.98917 -0.0379937 -0.141774
    outer loop
      vertex 8.17214 19.8545 54.7796
      vertex 8.19302 18.5387 55.2779
      vertex 8.17214 18.5022 55.142
    endloop
  endfacet
  facet normal 0.941475 -0.0872326 -0.325599
    outer loop
      vertex 8.13756 18.4665 55.0086
      vertex 8.10401 18.4422 54.9181
      vertex 8.13756 19.8188 54.6463
    endloop
  endfacet
  facet normal 0.941535 -0.0872016 -0.325435
    outer loop
      vertex 8.10401 18.4422 54.9181
      vertex 8.08962 19.7841 54.5169
      vertex 8.13756 19.8188 54.6463
    endloop
  endfacet
  facet normal 0.941674 -0.087089 -0.325063
    outer loop
      vertex 8.08962 19.7841 54.5169
      vertex 8.10401 18.4422 54.9181
      vertex 8.08962 18.4318 54.8792
    endloop
  endfacet
  facet normal 0.970009 0.0629192 0.234784
    outer loop
      vertex 8.13756 18.6844 55.8218
      vertex 8.17214 20.001 55.3261
      vertex 8.13756 20.0367 55.4594
    endloop
  endfacet
  facet normal 0.970009 0.0629192 0.234784
    outer loop
      vertex 8.17214 20.001 55.3261
      vertex 8.13756 18.6844 55.8218
      vertex 8.17214 18.6487 55.6885
    endloop
  endfacet
  facet normal 0.857162 0.133288 0.497501
    outer loop
      vertex 7.97758 18.7745 56.158
      vertex 7.95563 20.1362 55.831
      vertex 7.95563 18.7839 56.1933
    endloop
  endfacet
  facet normal 0.857683 0.133093 0.496655
    outer loop
      vertex 7.95563 20.1362 55.831
      vertex 7.97758 18.7745 56.158
      vertex 8.02879 20.1047 55.7131
    endloop
  endfacet
  facet normal 0.00617287 0.967043 -0.25454
    outer loop
      vertex 8.02879 20.1047 55.7131
      vertex 7.87086 20.1658 55.9414
      vertex 7.95563 20.1362 55.831
    endloop
  endfacet
  facet normal -0.0494306 0.258471 0.964754
    outer loop
      vertex 6.60787 20.3012 56.4467
      vertex 6.75 18.9507 56.8158
      vertex 6.75 20.303 56.4535
    endloop
  endfacet
  facet normal -0.0487534 0.258546 0.964768
    outer loop
      vertex 6.75 18.9507 56.8158
      vertex 6.60787 20.3012 56.4467
      vertex 6.60787 18.9489 56.8091
    endloop
  endfacet
  facet normal -0.00211289 0.965677 -0.259739
    outer loop
      vertex 5.41037 19.7841 54.5169
      vertex 5.36244 19.8188 54.6463
      vertex 5.47121 19.7508 54.3926
    endloop
  endfacet
  facet normal -0.000670574 0.965833 -0.259163
    outer loop
      vertex 5.47121 19.7508 54.3926
      vertex 5.36244 19.8188 54.6463
      vertex 5.72469 19.6624 54.0625
    endloop
  endfacet
  facet normal -0.904059 -0.110636 -0.412839
    outer loop
      vertex 5.47121 18.3985 54.755
      vertex 5.42863 18.4218 54.842
      vertex 5.47121 19.7508 54.3926
    endloop
  endfacet
  facet normal -0.671443 -0.191776 -0.715812
    outer loop
      vertex 5.7985 18.2928 54.3602
      vertex 5.72469 18.3101 54.4248
      vertex 5.72469 19.6624 54.0625
    endloop
  endfacet
  facet normal -0.741006 -0.173775 -0.648623
    outer loop
      vertex 5.72469 18.3101 54.4248
      vertex 5.6578 18.3292 54.4961
      vertex 5.72469 19.6624 54.0625
    endloop
  endfacet
  facet normal 0 0.96609 -0.258204
    outer loop
      vertex 7.17091 20.2869 56.3932
      vertex 6.46712 20.2958 56.4265
      vertex 7.03288 20.2958 56.4265
    endloop
  endfacet
  facet normal 0 0.96609 -0.258204
    outer loop
      vertex 6.46712 20.2958 56.4265
      vertex 7.17091 20.2869 56.3932
      vertex 6.32909 20.2869 56.3932
    endloop
  endfacet
  facet normal -0.59566 0.207907 0.775864
    outer loop
      vertex 5.83013 20.2179 56.1355
      vertex 5.83013 18.8655 56.4979
      vertex 5.91014 18.8809 56.5552
    endloop
  endfacet
  facet normal -0.595764 0.207901 0.775785
    outer loop
      vertex 5.83013 20.2179 56.1355
      vertex 5.94442 18.8875 56.5798
      vertex 5.94442 20.2398 56.2174
    endloop
  endfacet
  facet normal -0.596397 0.207702 0.775352
    outer loop
      vertex 5.94442 18.8875 56.5798
      vertex 5.83013 20.2179 56.1355
      vertex 5.91014 18.8809 56.5552
    endloop
  endfacet
  facet normal 0.00491372 0.964314 -0.264714
    outer loop
      vertex 5.94442 20.2398 56.2174
      vertex 5.72469 20.1931 56.0432
      vertex 5.83013 20.2179 56.1355
    endloop
  endfacet
  facet normal -0.802957 0.154247 0.575732
    outer loop
      vertex 5.62913 20.1658 55.9414
      vertex 5.5698 18.7928 56.2265
      vertex 5.62913 18.8135 56.3037
    endloop
  endfacet
  facet normal -0.740833 0.173869 0.648796
    outer loop
      vertex 5.62913 20.1658 55.9414
      vertex 5.72469 18.8408 56.4056
      vertex 5.72469 20.1931 56.0432
    endloop
  endfacet
  facet normal -0.741139 0.173737 0.648481
    outer loop
      vertex 5.72469 18.8408 56.4056
      vertex 5.62913 20.1658 55.9414
      vertex 5.62913 18.8135 56.3037
    endloop
  endfacet
  facet normal 0.427407 0.234019 0.873246
    outer loop
      vertex 7.30489 20.2745 56.3468
      vertex 7.30489 18.9222 56.7092
      vertex 7.39494 18.9111 56.6681
    endloop
  endfacet
  facet normal -0.00837263 0.966108 -0.258001
    outer loop
      vertex 5.32786 20.001 55.3261
      vertex 5.3 19.9278 55.0529
      vertex 5.30698 19.9645 55.1901
    endloop
  endfacet
  facet normal -0.970009 0.0629192 0.234784
    outer loop
      vertex 5.32786 20.001 55.3261
      vertex 5.36244 18.6844 55.8218
      vertex 5.36244 20.0367 55.4594
    endloop
  endfacet
  facet normal -0.970009 0.0629192 0.234784
    outer loop
      vertex 5.36244 18.6844 55.8218
      vertex 5.32786 20.001 55.3261
      vertex 5.32786 18.6487 55.6885
    endloop
  endfacet
  facet normal -0.998795 0.0127017 0.0474131
    outer loop
      vertex 5.3 19.9278 55.0529
      vertex 5.3 18.5754 55.4152
      vertex 5.30489 18.6012 55.5113
    endloop
  endfacet
  facet normal -0.941557 0.0871958 0.325372
    outer loop
      vertex 5.36244 20.0367 55.4594
      vertex 5.41037 18.7191 55.9512
      vertex 5.41037 20.0714 55.5888
    endloop
  endfacet
  facet normal -0.941557 0.0871958 0.325372
    outer loop
      vertex 5.41037 18.7191 55.9512
      vertex 5.36244 20.0367 55.4594
      vertex 5.36244 18.6844 55.8218
    endloop
  endfacet
  facet normal 0.000293081 0.966584 -0.256351
    outer loop
      vertex 6.46712 19.5597 53.6792
      vertex 6.32909 19.5686 53.7126
      vertex 6.60787 19.5543 53.659
    endloop
  endfacet
  facet normal 0.594432 -0.208265 -0.776708
    outer loop
      vertex 7.55558 19.6157 53.8883
      vertex 7.66987 18.2853 54.3325
      vertex 7.63558 18.2788 54.308
    endloop
  endfacet
  facet normal 0.595764 -0.207848 -0.7758
    outer loop
      vertex 7.66987 18.2853 54.3325
      vertex 7.55558 19.6157 53.8883
      vertex 7.66987 19.6376 53.9702
    endloop
  endfacet
  facet normal 0.671938 -0.19166 -0.715378
    outer loop
      vertex 7.66987 19.6376 53.9702
      vertex 7.7015 18.2928 54.3602
      vertex 7.66987 18.2853 54.3325
    endloop
  endfacet
  facet normal 0.671626 -0.191745 -0.715648
    outer loop
      vertex 7.7015 18.2928 54.3602
      vertex 7.66987 19.6376 53.9702
      vertex 7.7753 19.6624 54.0625
    endloop
  endfacet
  facet normal 0.671493 -0.191764 -0.715768
    outer loop
      vertex 7.7753 18.3101 54.4248
      vertex 7.7015 18.2928 54.3602
      vertex 7.7753 19.6624 54.0625
    endloop
  endfacet
  facet normal 0.857683 -0.133097 -0.496654
    outer loop
      vertex 8.02879 18.3985 54.755
      vertex 7.95563 19.7193 54.2747
      vertex 8.02879 19.7508 54.3926
    endloop
  endfacet
  facet normal 0.857731 -0.133067 -0.496579
    outer loop
      vertex 7.95563 19.7193 54.2747
      vertex 8.02879 18.3985 54.755
      vertex 7.95563 18.3669 54.6371
    endloop
  endfacet
  facet normal 0.970053 -0.0628742 -0.234616
    outer loop
      vertex 8.17214 18.5022 55.142
      vertex 8.14793 18.4772 55.0486
      vertex 8.17214 19.8545 54.7796
    endloop
  endfacet
  facet normal -0.595708 -0.207912 -0.775825
    outer loop
      vertex 5.94442 18.2634 54.2507
      vertex 5.86442 18.2788 54.308
      vertex 5.94442 19.6157 53.8883
    endloop
  endfacet
  facet normal -0.594432 -0.208265 -0.776708
    outer loop
      vertex 5.83013 18.2853 54.3325
      vertex 5.94442 19.6157 53.8883
      vertex 5.86442 18.2788 54.308
    endloop
  endfacet
  facet normal -0.595764 -0.207848 -0.7758
    outer loop
      vertex 5.94442 19.6157 53.8883
      vertex 5.83013 18.2853 54.3325
      vertex 5.83013 19.6376 53.9702
    endloop
  endfacet
  facet normal 0.000298564 0.965906 -0.258891
    outer loop
      vertex 5.36244 19.8188 54.6463
      vertex 5.3 19.9278 55.0529
      vertex 5.47121 20.1047 55.7131
    endloop
  endfacet
  facet normal 1.20977e-05 0.965914 -0.258864
    outer loop
      vertex 5.83013 19.6376 53.9702
      vertex 5.36244 19.8188 54.6463
      vertex 5.47121 20.1047 55.7131
    endloop
  endfacet
  facet normal -0.998797 -0.0126887 -0.0473755
    outer loop
      vertex 5.30209 18.5644 55.374
      vertex 5.3 19.9278 55.0529
      vertex 5.30698 19.891 54.9156
    endloop
  endfacet
  facet normal -0.998801 -0.0126674 -0.0472853
    outer loop
      vertex 5.3 19.9278 55.0529
      vertex 5.30209 18.5644 55.374
      vertex 5.3 18.5754 55.4152
    endloop
  endfacet
  facet normal -0.970076 -0.0628498 -0.234525
    outer loop
      vertex 5.35206 18.4772 55.0486
      vertex 5.32786 18.5022 55.142
      vertex 5.32786 19.8545 54.7796
    endloop
  endfacet
  facet normal 0.000474961 0.965913 -0.258866
    outer loop
      vertex 5.30698 19.891 54.9156
      vertex 5.3 19.9278 55.0529
      vertex 5.36244 19.8188 54.6463
    endloop
  endfacet
  facet normal -0.00515609 0.96561 -0.259944
    outer loop
      vertex 5.32786 19.8545 54.7796
      vertex 5.30698 19.891 54.9156
      vertex 5.36244 19.8188 54.6463
    endloop
  endfacet
  facet normal -0.857683 -0.133097 -0.496654
    outer loop
      vertex 5.54437 19.7193 54.2747
      vertex 5.47121 18.3985 54.755
      vertex 5.47121 19.7508 54.3926
    endloop
  endfacet
  facet normal -0.857731 -0.133067 -0.496579
    outer loop
      vertex 5.47121 18.3985 54.755
      vertex 5.54437 19.7193 54.2747
      vertex 5.54437 18.3669 54.6371
    endloop
  endfacet
  facet normal -0.941475 -0.0872326 -0.325599
    outer loop
      vertex 5.39599 18.4422 54.9181
      vertex 5.36244 18.4665 55.0086
      vertex 5.36244 19.8188 54.6463
    endloop
  endfacet
  facet normal -0.941557 -0.08719 -0.325374
    outer loop
      vertex 5.41037 19.7841 54.5169
      vertex 5.39599 18.4422 54.9181
      vertex 5.36244 19.8188 54.6463
    endloop
  endfacet
  facet normal -0.941748 -0.0870353 -0.324863
    outer loop
      vertex 5.39599 18.4422 54.9181
      vertex 5.41037 19.7841 54.5169
      vertex 5.41037 18.4318 54.8792
    endloop
  endfacet
  facet normal 0.00408089 0.966733 -0.255755
    outer loop
      vertex 5.54437 19.7193 54.2747
      vertex 5.47121 19.7508 54.3926
      vertex 5.72469 19.6624 54.0625
    endloop
  endfacet
  facet normal -0.803242 -0.15417 -0.575356
    outer loop
      vertex 5.62913 19.6897 54.1643
      vertex 5.6037 18.3462 54.5598
      vertex 5.54437 19.7193 54.2747
    endloop
  endfacet
  facet normal -0.802886 -0.154311 -0.575814
    outer loop
      vertex 5.6037 18.3462 54.5598
      vertex 5.62913 19.6897 54.1643
      vertex 5.62913 18.3374 54.5267
    endloop
  endfacet
  facet normal 0.000181655 0.965759 -0.259439
    outer loop
      vertex 6.75 20.303 56.4535
      vertex 6.46712 20.2958 56.4265
      vertex 6.60787 20.3012 56.4467
    endloop
  endfacet
  facet normal -0.24303 0.251028 0.936974
    outer loop
      vertex 6.32909 20.2869 56.3932
      vertex 6.32909 18.9346 56.7555
      vertex 6.42571 18.9408 56.7789
    endloop
  endfacet
  facet normal -0.427407 0.234019 0.873246
    outer loop
      vertex 6.19511 20.2745 56.3468
      vertex 6.10506 18.9111 56.6681
      vertex 6.19511 18.9222 56.7092
    endloop
  endfacet
  facet normal -0.857683 0.133093 0.496655
    outer loop
      vertex 5.52242 18.7745 56.158
      vertex 5.54437 20.1362 55.831
      vertex 5.47121 20.1047 55.7131
    endloop
  endfacet
  facet normal -0.857162 0.133288 0.497501
    outer loop
      vertex 5.54437 20.1362 55.831
      vertex 5.52242 18.7745 56.158
      vertex 5.54437 18.7839 56.1933
    endloop
  endfacet
  facet normal -0.857905 0.132967 0.496305
    outer loop
      vertex 5.47121 20.1047 55.7131
      vertex 5.47121 18.7524 56.0754
      vertex 5.52242 18.7745 56.158
    endloop
  endfacet
  facet normal -0.998794 0.0127025 0.0474155
    outer loop
      vertex 5.30489 18.6012 55.5113
      vertex 5.30698 19.9645 55.1901
      vertex 5.3 19.9278 55.0529
    endloop
  endfacet
  facet normal -0.998801 0.0126716 0.0472841
    outer loop
      vertex 5.30698 19.9645 55.1901
      vertex 5.30489 18.6012 55.5113
      vertex 5.30698 18.6122 55.5525
    endloop
  endfacet
  facet normal 0.336846 -0.243664 -0.909485
    outer loop
      vertex 7.17091 19.5686 53.7126
      vertex 7.30489 18.2287 54.1212
      vertex 7.17091 18.2163 54.0749
    endloop
  endfacet
  facet normal 0.336846 -0.243664 -0.909485
    outer loop
      vertex 7.30489 18.2287 54.1212
      vertex 7.17091 19.5686 53.7126
      vertex 7.30489 19.581 53.7589
    endloop
  endfacet
  facet normal -0.00029303 0.966584 -0.256352
    outer loop
      vertex 7.03288 19.5597 53.6792
      vertex 6.89212 19.5543 53.659
      vertex 7.17091 19.5686 53.7126
    endloop
  endfacet
  facet normal -0.427805 -0.23391 -0.87308
    outer loop
      vertex 6.06647 18.2445 54.18
      vertex 6.19511 19.581 53.7589
      vertex 6.19511 18.2287 54.1212
    endloop
  endfacet
  facet normal -0.427805 -0.23391 -0.87308
    outer loop
      vertex 6.19511 19.581 53.7589
      vertex 6.06647 18.2445 54.18
      vertex 6.06647 19.5968 53.8177
    endloop
  endfacet
  facet normal -0.242919 -0.251036 -0.937001
    outer loop
      vertex 6.32909 18.2163 54.0749
      vertex 6.46712 19.5597 53.6792
      vertex 6.46712 18.2074 54.0415
    endloop
  endfacet
  facet normal -0.242919 -0.251036 -0.937001
    outer loop
      vertex 6.46712 19.5597 53.6792
      vertex 6.32909 18.2163 54.0749
      vertex 6.32909 19.5686 53.7126
    endloop
  endfacet
  facet normal 0 0.965755 -0.259457
    outer loop
      vertex 6.75 19.5525 53.6523
      vertex 6.60787 19.5543 53.659
      vertex 6.89212 19.5543 53.659
    endloop
  endfacet
  facet normal -0.00211093 0.966888 -0.255192
    outer loop
      vertex 7.43353 19.5968 53.8177
      vertex 7.30489 19.581 53.7589
      vertex 7.55558 19.6157 53.8883
    endloop
  endfacet
  facet normal -0.0013583 0.966529 -0.256554
    outer loop
      vertex 7.55558 19.6157 53.8883
      vertex 7.30489 19.581 53.7589
      vertex 7.66987 19.6376 53.9702
    endloop
  endfacet
  facet normal 0.904059 -0.110636 -0.412839
    outer loop
      vertex 8.07137 18.4218 54.842
      vertex 8.02879 18.3985 54.755
      vertex 8.02879 19.7508 54.3926
    endloop
  endfacet
  facet normal 0.0013583 0.966529 -0.256554
    outer loop
      vertex 5.94442 19.6157 53.8883
      vertex 5.83013 19.6376 53.9702
      vertex 6.19511 19.581 53.7589
    endloop
  endfacet
  facet normal -0.514251 -0.221946 -0.828424
    outer loop
      vertex 5.94442 18.2634 54.2507
      vertex 6.06647 19.5968 53.8177
      vertex 6.06647 18.2445 54.18
    endloop
  endfacet
  facet normal -0.513751 -0.222081 -0.828697
    outer loop
      vertex 6.06647 19.5968 53.8177
      vertex 5.94442 18.2634 54.2507
      vertex 5.94442 19.6157 53.8883
    endloop
  endfacet
  facet normal -0.998794 -0.0127059 -0.0474252
    outer loop
      vertex 5.30698 18.5387 55.2779
      vertex 5.30209 18.5644 55.374
      vertex 5.30698 19.891 54.9156
    endloop
  endfacet
  facet normal -0.989184 -0.0379584 -0.141682
    outer loop
      vertex 5.32786 19.8545 54.7796
      vertex 5.30698 18.5387 55.2779
      vertex 5.30698 19.891 54.9156
    endloop
  endfacet
  facet normal -0.98917 -0.0379937 -0.141774
    outer loop
      vertex 5.30698 18.5387 55.2779
      vertex 5.32786 19.8545 54.7796
      vertex 5.32786 18.5022 55.142
    endloop
  endfacet
  facet normal 0.000321772 0.965947 -0.258739
    outer loop
      vertex 5.62913 19.6897 54.1643
      vertex 5.54437 19.7193 54.2747
      vertex 5.72469 19.6624 54.0625
    endloop
  endfacet
  facet normal -0.740833 -0.173842 -0.648803
    outer loop
      vertex 5.6578 18.3292 54.4961
      vertex 5.62913 19.6897 54.1643
      vertex 5.72469 19.6624 54.0625
    endloop
  endfacet
  facet normal -0.741449 -0.173693 -0.648139
    outer loop
      vertex 5.62913 19.6897 54.1643
      vertex 5.6578 18.3292 54.4961
      vertex 5.62913 18.3374 54.5267
    endloop
  endfacet
  facet normal -0.24228 0.251142 0.937138
    outer loop
      vertex 6.32909 20.2869 56.3932
      vertex 6.46712 18.9435 56.7889
      vertex 6.46712 20.2958 56.4265
    endloop
  endfacet
  facet normal -0.242658 0.251079 0.937057
    outer loop
      vertex 6.46712 18.9435 56.7889
      vertex 6.32909 20.2869 56.3932
      vertex 6.42571 18.9408 56.7789
    endloop
  endfacet
  facet normal -0.146944 0.256044 0.955431
    outer loop
      vertex 6.46712 20.2958 56.4265
      vertex 6.60787 18.9489 56.8091
      vertex 6.60787 20.3012 56.4467
    endloop
  endfacet
  facet normal -0.146944 0.256044 0.955431
    outer loop
      vertex 6.60787 18.9489 56.8091
      vertex 6.46712 20.2958 56.4265
      vertex 6.46712 18.9435 56.7889
    endloop
  endfacet
  facet normal -0.514251 0.221946 0.828424
    outer loop
      vertex 5.94442 20.2398 56.2174
      vertex 6.06647 18.9064 56.6504
      vertex 6.06647 20.2587 56.2881
    endloop
  endfacet
  facet normal -0.51427 0.221941 0.828413
    outer loop
      vertex 6.06647 18.9064 56.6504
      vertex 5.94442 20.2398 56.2174
      vertex 6.02986 18.9007 56.6292
    endloop
  endfacet
  facet normal -0.427251 0.234027 0.87332
    outer loop
      vertex 6.06647 20.2587 56.2881
      vertex 6.10506 18.9111 56.6681
      vertex 6.19511 20.2745 56.3468
    endloop
  endfacet
  facet normal -0.428734 0.233796 0.872655
    outer loop
      vertex 6.10506 18.9111 56.6681
      vertex 6.06647 20.2587 56.2881
      vertex 6.06647 18.9064 56.6504
    endloop
  endfacet
  facet normal -0.337447 0.243608 0.909277
    outer loop
      vertex 6.19511 20.2745 56.3468
      vertex 6.32909 18.9346 56.7555
      vertex 6.32909 20.2869 56.3932
    endloop
  endfacet
  facet normal -0.336846 0.243726 0.909468
    outer loop
      vertex 6.32909 18.9346 56.7555
      vertex 6.19511 20.2745 56.3468
      vertex 6.19511 18.9222 56.7092
    endloop
  endfacet
  facet normal -0.803242 0.15418 0.575353
    outer loop
      vertex 5.54437 20.1362 55.831
      vertex 5.5698 18.7928 56.2265
      vertex 5.62913 20.1658 55.9414
    endloop
  endfacet
  facet normal -0.803903 0.153916 0.5745
    outer loop
      vertex 5.5698 18.7928 56.2265
      vertex 5.54437 20.1362 55.831
      vertex 5.54437 18.7839 56.1933
    endloop
  endfacet
  facet normal -0.00617667 0.967043 -0.254538
    outer loop
      vertex 5.62913 20.1658 55.9414
      vertex 5.47121 20.1047 55.7131
      vertex 5.54437 20.1362 55.831
    endloop
  endfacet
  facet normal 0.427805 -0.23391 -0.87308
    outer loop
      vertex 7.30489 19.581 53.7589
      vertex 7.43353 18.2445 54.18
      vertex 7.30489 18.2287 54.1212
    endloop
  endfacet
  facet normal 0.427805 -0.23391 -0.87308
    outer loop
      vertex 7.43353 18.2445 54.18
      vertex 7.30489 19.581 53.7589
      vertex 7.43353 19.5968 53.8177
    endloop
  endfacet
  facet normal -0.336846 -0.243664 -0.909485
    outer loop
      vertex 6.19511 18.2287 54.1212
      vertex 6.32909 19.5686 53.7126
      vertex 6.32909 18.2163 54.0749
    endloop
  endfacet
  facet normal -0.336846 -0.243664 -0.909485
    outer loop
      vertex 6.32909 19.5686 53.7126
      vertex 6.19511 18.2287 54.1212
      vertex 6.19511 19.581 53.7589
    endloop
  endfacet
  facet normal 0.00211093 0.966888 -0.255192
    outer loop
      vertex 6.06647 19.5968 53.8177
      vertex 5.94442 19.6157 53.8883
      vertex 6.19511 19.581 53.7589
    endloop
  endfacet
  facet normal 0.99879 0.0127291 0.0474983
    outer loop
      vertex 84.6951 7.1614 12.8174
      vertex 84.693 8.52473 12.4962
      vertex 84.693 7.17244 12.8586
    endloop
  endfacet
  facet normal 0.99879 0.012732 0.0475109
    outer loop
      vertex 84.693 8.52473 12.4962
      vertex 84.6951 7.1614 12.8174
      vertex 84.7 8.48795 12.3589
    endloop
  endfacet
  facet normal -0.000685597 0.965734 -0.259533
    outer loop
      vertex 82.2247 8.22258 11.3686
      vertex 82.1291 8.24987 11.4704
      vertex 82.3301 8.19785 11.2763
    endloop
  endfacet
  facet normal 0.998789 0.0127334 0.0475149
    outer loop
      vertex 84.7 8.48795 12.3589
      vertex 84.6951 7.1614 12.8174
      vertex 84.7 7.13565 12.7213
    endloop
  endfacet
  facet normal 0.857602 -0.133132 -0.496784
    outer loop
      vertex 84.5288 6.95874 12.0611
      vertex 84.4556 8.27945 11.5808
      vertex 84.5288 8.31104 11.6987
    endloop
  endfacet
  facet normal 0.857602 -0.133132 -0.496784
    outer loop
      vertex 84.4556 8.27945 11.5808
      vertex 84.5288 6.95874 12.0611
      vertex 84.4556 6.92715 11.9432
    endloop
  endfacet
  facet normal 0.426894 -0.234022 -0.873496
    outer loop
      vertex 83.8049 8.14123 11.065
      vertex 83.8435 6.79365 11.4449
      vertex 83.8049 6.78893 11.4273
    endloop
  endfacet
  facet normal 0.427285 -0.233961 -0.873321
    outer loop
      vertex 83.8435 6.79365 11.4449
      vertex 83.8049 8.14123 11.065
      vertex 83.9335 8.15698 11.1237
    endloop
  endfacet
  facet normal -0.0488717 0.258545 0.964762
    outer loop
      vertex 83.25 8.86324 13.7595
      vertex 83.1505 7.50967 14.1172
      vertex 83.25 7.51094 14.1219
    endloop
  endfacet
  facet normal -0.428245 -0.233917 -0.872863
    outer loop
      vertex 82.6565 6.79365 11.4449
      vertex 82.5665 6.80468 11.4861
      vertex 82.5665 8.15698 11.1237
    endloop
  endfacet
  facet normal -1.53887e-05 0.965927 -0.258814
    outer loop
      vertex 81.8279 8.41473 12.0857
      vertex 81.807 8.45117 12.2217
      vertex 82.5665 8.15698 11.1237
    endloop
  endfacet
  facet normal -0.904156 0.110555 0.412649
    outer loop
      vertex 81.9104 8.63157 12.8949
      vertex 81.9712 7.31256 13.3815
      vertex 81.9712 8.66486 13.0192
    endloop
  endfacet
  facet normal -0.904032 0.110651 0.412895
    outer loop
      vertex 81.9712 7.31256 13.3815
      vertex 81.9104 8.63157 12.8949
      vertex 81.9104 7.27927 13.2573
    endloop
  endfacet
  facet normal -0.000216827 0.965698 -0.259668
    outer loop
      vertex 83.6709 8.84708 13.6992
      vertex 83.3921 8.86143 13.7528
      vertex 83.5329 8.85603 13.7326
    endloop
  endfacet
  facet normal 0.00152298 0.96577 -0.259397
    outer loop
      vertex 84.5896 8.34433 11.823
      vertex 84.5288 8.31104 11.6987
      vertex 84.6376 8.37901 11.9524
    endloop
  endfacet
  facet normal 6.35891e-05 0.965919 -0.258845
    outer loop
      vertex 84.693 8.45117 12.2217
      vertex 83.9335 8.15698 11.1237
      vertex 84.693 8.52473 12.4962
    endloop
  endfacet
  facet normal -0.671661 0.191774 0.715607
    outer loop
      vertex 82.2247 8.75332 13.3493
      vertex 82.3301 7.42575 13.804
      vertex 82.3301 8.77805 13.4416
    endloop
  endfacet
  facet normal -0.671661 0.191774 0.715607
    outer loop
      vertex 82.3301 7.42575 13.804
      vertex 82.2247 8.75332 13.3493
      vertex 82.2247 7.40102 13.7117
    endloop
  endfacet
  facet normal -0.000943968 0.965981 -0.25861
    outer loop
      vertex 81.9104 8.63157 12.8949
      vertex 81.807 8.52473 12.4962
      vertex 81.8279 8.56116 12.6322
    endloop
  endfacet
  facet normal 0.427285 0.234034 0.873302
    outer loop
      vertex 83.8049 7.48237 14.0153
      vertex 83.9335 8.81892 13.5942
      vertex 83.8049 8.83467 13.6529
    endloop
  endfacet
  facet normal 0.428742 0.233697 0.872677
    outer loop
      vertex 83.9335 8.81892 13.5942
      vertex 83.8049 7.48237 14.0153
      vertex 83.8435 7.47765 13.9976
    endloop
  endfacet
  facet normal -0.336817 0.243729 0.909478
    outer loop
      vertex 82.6951 8.83467 13.6529
      vertex 82.8291 7.49478 14.0616
      vertex 82.8291 8.84708 13.6992
    endloop
  endfacet
  facet normal -0.336817 0.243729 0.909478
    outer loop
      vertex 82.8291 7.49478 14.0616
      vertex 82.6951 8.83467 13.6529
      vertex 82.6951 7.48237 14.0153
    endloop
  endfacet
  facet normal -0.941397 0.0873116 0.325804
    outer loop
      vertex 81.8624 8.59689 12.7655
      vertex 81.9104 7.27927 13.2573
      vertex 81.9104 8.63157 12.8949
    endloop
  endfacet
  facet normal -0.941397 0.0873116 0.325804
    outer loop
      vertex 81.9104 7.27927 13.2573
      vertex 81.8624 8.59689 12.7655
      vertex 81.8624 7.24459 13.1279
    endloop
  endfacet
  facet normal 0.998789 -0.0127301 -0.0475158
    outer loop
      vertex 84.6979 7.12462 12.6801
      vertex 84.693 7.09887 12.584
      vertex 84.693 8.45117 12.2217
    endloop
  endfacet
  facet normal -0.00184889 0.965917 -0.258845
    outer loop
      vertex 84.7 8.48795 12.3589
      vertex 84.693 8.45117 12.2217
      vertex 84.693 8.52473 12.4962
    endloop
  endfacet
  facet normal 0.000398102 0.965802 -0.259282
    outer loop
      vertex 84.0556 8.17591 11.1944
      vertex 83.9335 8.15698 11.1237
      vertex 84.1699 8.19785 11.2763
    endloop
  endfacet
  facet normal -6.35891e-05 0.965919 -0.258845
    outer loop
      vertex 82.5665 8.15698 11.1237
      vertex 81.807 8.45117 12.2217
      vertex 81.807 8.52473 12.4962
    endloop
  endfacet
  facet normal 0.00184889 0.965917 -0.258845
    outer loop
      vertex 81.807 8.45117 12.2217
      vertex 81.8 8.48795 12.3589
      vertex 81.807 8.52473 12.4962
    endloop
  endfacet
  facet normal 0.0488717 0.258545 0.964762
    outer loop
      vertex 83.25 8.86324 13.7595
      vertex 83.25 7.51094 14.1219
      vertex 83.3495 7.50967 14.1172
    endloop
  endfacet
  facet normal -0.998789 -0.0127301 -0.0475158
    outer loop
      vertex 81.807 7.09887 12.584
      vertex 81.8021 7.12462 12.6801
      vertex 81.807 8.45117 12.2217
    endloop
  endfacet
  facet normal 0 0.965924 -0.258826
    outer loop
      vertex 84.693 8.52473 12.4962
      vertex 81.807 8.52473 12.4962
      vertex 83.25 8.86324 13.7595
    endloop
  endfacet
  facet normal 0.000194525 0.965962 -0.258682
    outer loop
      vertex 82.1291 8.24987 11.4704
      vertex 81.9712 8.31104 11.6987
      vertex 82.3301 8.19785 11.2763
    endloop
  endfacet
  facet normal -0.80343 -0.154121 -0.575105
    outer loop
      vertex 82.1291 8.24987 11.4704
      vertex 82.0444 6.92715 11.9432
      vertex 82.0444 8.27945 11.5808
    endloop
  endfacet
  facet normal -0.80343 -0.154121 -0.575105
    outer loop
      vertex 82.0444 6.92715 11.9432
      vertex 82.1291 8.24987 11.4704
      vertex 82.1291 6.89757 11.8328
    endloop
  endfacet
  facet normal -0.00011489 0.966004 -0.258528
    outer loop
      vertex 83.25 8.86324 13.7595
      vertex 82.5665 8.81892 13.5942
      vertex 83.1079 8.86143 13.7528
    endloop
  endfacet
  facet normal 0.904156 -0.110555 -0.412649
    outer loop
      vertex 84.5896 6.99203 12.1853
      vertex 84.5288 8.31104 11.6987
      vertex 84.5896 8.34433 11.823
    endloop
  endfacet
  facet normal 0.904032 -0.110651 -0.412895
    outer loop
      vertex 84.5288 8.31104 11.6987
      vertex 84.5896 6.99203 12.1853
      vertex 84.5288 6.95874 12.0611
    endloop
  endfacet
  facet normal -0.0486326 -0.258481 -0.964791
    outer loop
      vertex 83.2074 6.76091 11.3227
      vertex 83.25 8.11266 10.9584
      vertex 83.25 6.76036 11.3207
    endloop
  endfacet
  facet normal -0.0487819 -0.258475 -0.964786
    outer loop
      vertex 83.25 8.11266 10.9584
      vertex 83.2074 6.76091 11.3227
      vertex 83.1079 8.11447 10.9651
    endloop
  endfacet
  facet normal -0.000786154 0.96608 -0.258243
    outer loop
      vertex 82.2247 8.75332 13.3493
      vertex 82.0444 8.69645 13.1371
      vertex 82.1291 8.72603 13.2475
    endloop
  endfacet
  facet normal -4.76989e-05 0.965934 -0.258788
    outer loop
      vertex 83.9335 8.15698 11.1237
      vertex 83.25 8.11266 10.9584
      vertex 84.693 8.52473 12.4962
    endloop
  endfacet
  facet normal 0.99879 -0.0127297 -0.0475012
    outer loop
      vertex 84.6979 7.12462 12.6801
      vertex 84.7 8.48795 12.3589
      vertex 84.7 7.13565 12.7213
    endloop
  endfacet
  facet normal 0.998788 -0.0127397 -0.0475434
    outer loop
      vertex 84.7 8.48795 12.3589
      vertex 84.6979 7.12462 12.6801
      vertex 84.693 8.45117 12.2217
    endloop
  endfacet
  facet normal -0.740685 0.173912 0.648953
    outer loop
      vertex 82.1291 8.72603 13.2475
      vertex 82.2247 7.40102 13.7117
      vertex 82.2247 8.75332 13.3493
    endloop
  endfacet
  facet normal -0.740991 0.173779 0.648639
    outer loop
      vertex 82.2247 7.40102 13.7117
      vertex 82.1291 8.72603 13.2475
      vertex 82.1291 7.37373 13.6098
    endloop
  endfacet
  facet normal 0 0.965923 -0.258829
    outer loop
      vertex 83.25 8.11266 10.9584
      vertex 81.807 8.52473 12.4962
      vertex 84.693 8.52473 12.4962
    endloop
  endfacet
  facet normal -0.243054 0.251092 0.936951
    outer loop
      vertex 82.8291 8.84708 13.6992
      vertex 82.9671 7.50373 14.095
      vertex 82.9671 8.85603 13.7326
    endloop
  endfacet
  facet normal -0.242657 0.251158 0.937037
    outer loop
      vertex 82.9671 7.50373 14.095
      vertex 82.8291 8.84708 13.6992
      vertex 82.9257 7.50104 14.085
    endloop
  endfacet
  facet normal -0.514136 0.221969 0.828489
    outer loop
      vertex 82.4444 8.79999 13.5235
      vertex 82.481 7.45337 13.907
      vertex 82.5665 8.81892 13.5942
    endloop
  endfacet
  facet normal -0.514284 0.221941 0.828404
    outer loop
      vertex 82.481 7.45337 13.907
      vertex 82.4444 8.79999 13.5235
      vertex 82.4444 7.44769 13.8858
    endloop
  endfacet
  facet normal 2.65599e-05 0.965932 -0.258798
    outer loop
      vertex 84.693 8.52473 12.4962
      vertex 83.25 8.86324 13.7595
      vertex 84.4556 8.69645 13.1371
    endloop
  endfacet
  facet normal 0.336817 0.243729 0.909478
    outer loop
      vertex 83.6709 7.49478 14.0616
      vertex 83.8049 8.83467 13.6529
      vertex 83.6709 8.84708 13.6992
    endloop
  endfacet
  facet normal 0.336817 0.243729 0.909478
    outer loop
      vertex 83.8049 8.83467 13.6529
      vertex 83.6709 7.49478 14.0616
      vertex 83.8049 7.48237 14.0153
    endloop
  endfacet
  facet normal 0.243054 0.251092 0.936951
    outer loop
      vertex 83.5329 7.50373 14.095
      vertex 83.6709 8.84708 13.6992
      vertex 83.5329 8.85603 13.7326
    endloop
  endfacet
  facet normal 0.242657 0.251158 0.937037
    outer loop
      vertex 83.6709 8.84708 13.6992
      vertex 83.5329 7.50373 14.095
      vertex 83.5743 7.50104 14.085
    endloop
  endfacet
  facet normal -0.998788 -0.0127397 -0.0475434
    outer loop
      vertex 81.8021 7.12462 12.6801
      vertex 81.8 8.48795 12.3589
      vertex 81.807 8.45117 12.2217
    endloop
  endfacet
  facet normal -0.99879 -0.0127297 -0.0475012
    outer loop
      vertex 81.8 8.48795 12.3589
      vertex 81.8021 7.12462 12.6801
      vertex 81.8 7.13565 12.7213
    endloop
  endfacet
  facet normal -0.998789 0.0127334 0.0475149
    outer loop
      vertex 81.8 8.48795 12.3589
      vertex 81.8 7.13565 12.7213
      vertex 81.8049 7.1614 12.8174
    endloop
  endfacet
  facet normal -0.671661 -0.191725 -0.71562
    outer loop
      vertex 82.2247 6.87028 11.7309
      vertex 82.3301 8.19785 11.2763
      vertex 82.3301 6.84555 11.6386
    endloop
  endfacet
  facet normal -0.671661 -0.191725 -0.71562
    outer loop
      vertex 82.3301 8.19785 11.2763
      vertex 82.2247 6.87028 11.7309
      vertex 82.2247 8.22258 11.3686
    endloop
  endfacet
  facet normal -0.336817 -0.243666 -0.909495
    outer loop
      vertex 82.6951 6.78893 11.4273
      vertex 82.8291 8.12882 11.0187
      vertex 82.8291 6.77652 11.381
    endloop
  endfacet
  facet normal -0.336817 -0.243666 -0.909495
    outer loop
      vertex 82.8291 8.12882 11.0187
      vertex 82.6951 6.78893 11.4273
      vertex 82.6951 8.14123 11.065
    endloop
  endfacet
  facet normal -0.904156 -0.110555 -0.412649
    outer loop
      vertex 81.9712 8.31104 11.6987
      vertex 81.9104 6.99203 12.1853
      vertex 81.9104 8.34433 11.823
    endloop
  endfacet
  facet normal -0.904032 -0.110651 -0.412895
    outer loop
      vertex 81.9104 6.99203 12.1853
      vertex 81.9712 8.31104 11.6987
      vertex 81.9712 6.95874 12.0611
    endloop
  endfacet
  facet normal 0.000330472 0.965831 -0.259173
    outer loop
      vertex 82.5665 8.81892 13.5942
      vertex 82.2247 8.75332 13.3493
      vertex 82.4444 8.79999 13.5235
    endloop
  endfacet
  facet normal 0.336817 -0.243666 -0.909495
    outer loop
      vertex 83.6709 8.12882 11.0187
      vertex 83.8049 6.78893 11.4273
      vertex 83.6709 6.77652 11.381
    endloop
  endfacet
  facet normal 0.336817 -0.243666 -0.909495
    outer loop
      vertex 83.8049 6.78893 11.4273
      vertex 83.6709 8.12882 11.0187
      vertex 83.8049 8.14123 11.065
    endloop
  endfacet
  facet normal 0.428245 -0.233917 -0.872863
    outer loop
      vertex 83.9335 6.80468 11.4861
      vertex 83.8435 6.79365 11.4449
      vertex 83.9335 8.15698 11.1237
    endloop
  endfacet
  facet normal -0.000191571 0.966408 -0.257011
    outer loop
      vertex 83.3921 8.11447 10.9651
      vertex 83.25 8.11266 10.9584
      vertex 83.5329 8.11987 10.9853
    endloop
  endfacet
  facet normal 1.34446e-05 0.965871 -0.259024
    outer loop
      vertex 83.5329 8.11987 10.9853
      vertex 83.25 8.11266 10.9584
      vertex 83.9335 8.15698 11.1237
    endloop
  endfacet
  facet normal 0.970433 -0.0624636 -0.233146
    outer loop
      vertex 84.6618 7.05172 12.408
      vertex 84.6721 8.41473 12.0857
      vertex 84.6721 7.06244 12.448
    endloop
  endfacet
  facet normal 0.970144 -0.0627291 -0.234278
    outer loop
      vertex 84.6721 8.41473 12.0857
      vertex 84.6618 7.05172 12.408
      vertex 84.6376 8.37901 11.9524
    endloop
  endfacet
  facet normal 6.75602e-05 0.965917 -0.258851
    outer loop
      vertex 84.6376 8.37901 11.9524
      vertex 83.9335 8.15698 11.1237
      vertex 84.6721 8.41473 12.0857
    endloop
  endfacet
  facet normal -0.000194525 0.965962 -0.258682
    outer loop
      vertex 84.3709 8.24987 11.4704
      vertex 84.1699 8.19785 11.2763
      vertex 84.5288 8.31104 11.6987
    endloop
  endfacet
  facet normal -0.989161 0.0380564 0.141817
    outer loop
      vertex 81.807 8.52473 12.4962
      vertex 81.8132 7.18336 12.8994
      vertex 81.8279 8.56116 12.6322
    endloop
  endfacet
  facet normal -0.989397 0.0375955 0.140287
    outer loop
      vertex 81.8132 7.18336 12.8994
      vertex 81.807 8.52473 12.4962
      vertex 81.807 7.17244 12.8586
    endloop
  endfacet
  facet normal 4.76989e-05 0.965934 -0.258788
    outer loop
      vertex 82.5665 8.15698 11.1237
      vertex 81.807 8.52473 12.4962
      vertex 83.25 8.11266 10.9584
    endloop
  endfacet
  facet normal 0.000166863 0.965763 -0.259426
    outer loop
      vertex 83.1079 8.86143 13.7528
      vertex 82.5665 8.81892 13.5942
      vertex 82.8291 8.84708 13.6992
    endloop
  endfacet
  facet normal -0.514073 0.221974 0.828527
    outer loop
      vertex 82.5665 8.81892 13.5942
      vertex 82.481 7.45337 13.907
      vertex 82.5665 7.46662 13.9565
    endloop
  endfacet
  facet normal -0.427452 0.233953 0.873241
    outer loop
      vertex 82.5665 8.81892 13.5942
      vertex 82.5665 7.46662 13.9565
      vertex 82.6565 7.47765 13.9976
    endloop
  endfacet
  facet normal 0.00011489 0.966004 -0.258528
    outer loop
      vertex 83.9335 8.81892 13.5942
      vertex 83.25 8.86324 13.7595
      vertex 83.3921 8.86143 13.7528
    endloop
  endfacet
  facet normal -0.000166863 0.965763 -0.259426
    outer loop
      vertex 83.9335 8.81892 13.5942
      vertex 83.3921 8.86143 13.7528
      vertex 83.6709 8.84708 13.6992
    endloop
  endfacet
  facet normal 0.671661 0.191774 0.715607
    outer loop
      vertex 84.1699 7.42575 13.804
      vertex 84.2753 8.75332 13.3493
      vertex 84.1699 8.77805 13.4416
    endloop
  endfacet
  facet normal 0.671661 0.191774 0.715607
    outer loop
      vertex 84.2753 8.75332 13.3493
      vertex 84.1699 7.42575 13.804
      vertex 84.2753 7.40102 13.7117
    endloop
  endfacet
  facet normal 0.595777 0.207845 0.77579
    outer loop
      vertex 84.0556 7.44769 13.8858
      vertex 84.1699 8.77805 13.4416
      vertex 84.0556 8.79999 13.5235
    endloop
  endfacet
  facet normal 0.595339 0.207983 0.776089
    outer loop
      vertex 84.1699 8.77805 13.4416
      vertex 84.0556 7.44769 13.8858
      vertex 84.1699 7.42575 13.804
    endloop
  endfacet
  facet normal 0.514073 0.221974 0.828527
    outer loop
      vertex 83.9335 8.81892 13.5942
      vertex 83.9335 7.46662 13.9565
      vertex 84.019 7.45337 13.907
    endloop
  endfacet
  facet normal 0.000873763 0.966063 -0.258304
    outer loop
      vertex 84.5896 8.63157 12.8949
      vertex 84.4556 8.69645 13.1371
      vertex 84.5288 8.66486 13.0192
    endloop
  endfacet
  facet normal 0.989038 0.0382127 0.142629
    outer loop
      vertex 84.6721 8.56116 12.6322
      vertex 84.6721 7.20887 12.9945
      vertex 84.6868 7.18336 12.8994
    endloop
  endfacet
  facet normal 0.970433 0.0624793 0.233142
    outer loop
      vertex 84.6479 7.23387 13.0879
      vertex 84.6376 8.59689 12.7655
      vertex 84.6376 7.24459 13.1279
    endloop
  endfacet
  facet normal 0.970145 0.0627438 0.23427
    outer loop
      vertex 84.6376 8.59689 12.7655
      vertex 84.6479 7.23387 13.0879
      vertex 84.6721 8.56116 12.6322
    endloop
  endfacet
  facet normal 0.970076 0.062834 0.234529
    outer loop
      vertex 84.6721 8.56116 12.6322
      vertex 84.6479 7.23387 13.0879
      vertex 84.6721 7.20887 12.9945
    endloop
  endfacet
  facet normal 0.427452 0.233953 0.873241
    outer loop
      vertex 83.9335 8.81892 13.5942
      vertex 83.8435 7.47765 13.9976
      vertex 83.9335 7.46662 13.9565
    endloop
  endfacet
  facet normal -0.99879 0.012732 0.0475109
    outer loop
      vertex 81.8049 7.1614 12.8174
      vertex 81.807 8.52473 12.4962
      vertex 81.8 8.48795 12.3589
    endloop
  endfacet
  facet normal -0.99879 0.0127291 0.0474983
    outer loop
      vertex 81.807 8.52473 12.4962
      vertex 81.8049 7.1614 12.8174
      vertex 81.807 7.17244 12.8586
    endloop
  endfacet
  facet normal 0.000306014 0.965901 -0.258913
    outer loop
      vertex 82.0444 8.69645 13.1371
      vertex 81.807 8.52473 12.4962
      vertex 81.9104 8.63157 12.8949
    endloop
  endfacet
  facet normal -0.000873763 0.966063 -0.258304
    outer loop
      vertex 82.0444 8.69645 13.1371
      vertex 81.9104 8.63157 12.8949
      vertex 81.9712 8.66486 13.0192
    endloop
  endfacet
  facet normal -0.514284 -0.221998 -0.828389
    outer loop
      vertex 82.5299 6.81036 11.5073
      vertex 82.5665 8.15698 11.1237
      vertex 82.5665 6.80468 11.4861
    endloop
  endfacet
  facet normal -0.514136 -0.222026 -0.828473
    outer loop
      vertex 82.5665 8.15698 11.1237
      vertex 82.5299 6.81036 11.5073
      vertex 82.4444 8.17591 11.1944
    endloop
  endfacet
  facet normal -0.426894 -0.234022 -0.873496
    outer loop
      vertex 82.6565 6.79365 11.4449
      vertex 82.6951 8.14123 11.065
      vertex 82.6951 6.78893 11.4273
    endloop
  endfacet
  facet normal -0.427285 -0.233961 -0.873321
    outer loop
      vertex 82.6951 8.14123 11.065
      vertex 82.6565 6.79365 11.4449
      vertex 82.5665 8.15698 11.1237
    endloop
  endfacet
  facet normal -1.34446e-05 0.965871 -0.259024
    outer loop
      vertex 82.9671 8.11987 10.9853
      vertex 82.5665 8.15698 11.1237
      vertex 83.25 8.11266 10.9584
    endloop
  endfacet
  facet normal -0.989205 -0.0379217 -0.141544
    outer loop
      vertex 81.8216 7.07336 12.4888
      vertex 81.807 7.09887 12.584
      vertex 81.807 8.45117 12.2217
    endloop
  endfacet
  facet normal 0.000382893 0.965627 -0.25993
    outer loop
      vertex 83.8049 8.14123 11.065
      vertex 83.6709 8.12882 11.0187
      vertex 83.9335 8.15698 11.1237
    endloop
  endfacet
  facet normal 0.146893 -0.25598 -0.955456
    outer loop
      vertex 83.3921 8.11447 10.9651
      vertex 83.5329 6.76757 11.3476
      vertex 83.3921 6.76217 11.3274
    endloop
  endfacet
  facet normal 0.146893 -0.25598 -0.955456
    outer loop
      vertex 83.5329 6.76757 11.3476
      vertex 83.3921 8.11447 10.9651
      vertex 83.5329 8.11987 10.9853
    endloop
  endfacet
  facet normal 0.243249 -0.251014 -0.936921
    outer loop
      vertex 83.6295 6.77384 11.371
      vertex 83.5329 6.76757 11.3476
      vertex 83.5329 8.11987 10.9853
    endloop
  endfacet
  facet normal 0.0488458 -0.258478 -0.964781
    outer loop
      vertex 83.3921 6.76217 11.3274
      vertex 83.2926 6.76091 11.3227
      vertex 83.3921 8.11447 10.9651
    endloop
  endfacet
  facet normal 0.0486326 -0.258481 -0.964791
    outer loop
      vertex 83.25 8.11266 10.9584
      vertex 83.2926 6.76091 11.3227
      vertex 83.25 6.76036 11.3207
    endloop
  endfacet
  facet normal 0.0487819 -0.258475 -0.964786
    outer loop
      vertex 83.2926 6.76091 11.3227
      vertex 83.25 8.11266 10.9584
      vertex 83.3921 8.11447 10.9651
    endloop
  endfacet
  facet normal 0.595777 -0.207845 -0.77579
    outer loop
      vertex 84.0556 8.17591 11.1944
      vertex 84.1699 6.84555 11.6386
      vertex 84.0556 6.82361 11.5567
    endloop
  endfacet
  facet normal 0.595777 -0.207845 -0.77579
    outer loop
      vertex 84.1699 6.84555 11.6386
      vertex 84.0556 8.17591 11.1944
      vertex 84.1699 8.19785 11.2763
    endloop
  endfacet
  facet normal 0.514284 -0.221998 -0.828389
    outer loop
      vertex 83.9335 8.15698 11.1237
      vertex 83.9701 6.81036 11.5073
      vertex 83.9335 6.80468 11.4861
    endloop
  endfacet
  facet normal 0.514136 -0.222026 -0.828473
    outer loop
      vertex 83.9701 6.81036 11.5073
      vertex 83.9335 8.15698 11.1237
      vertex 84.0556 8.17591 11.1944
    endloop
  endfacet
  facet normal 2.73827e-05 0.965924 -0.258826
    outer loop
      vertex 84.4556 8.27945 11.5808
      vertex 84.3709 8.24987 11.4704
      vertex 84.5288 8.31104 11.6987
    endloop
  endfacet
  facet normal 0.740685 -0.173912 -0.648953
    outer loop
      vertex 84.3709 6.89757 11.8328
      vertex 84.2753 8.22258 11.3686
      vertex 84.3709 8.24987 11.4704
    endloop
  endfacet
  facet normal 0.740991 -0.173779 -0.648639
    outer loop
      vertex 84.2753 8.22258 11.3686
      vertex 84.3709 6.89757 11.8328
      vertex 84.2753 6.87028 11.7309
    endloop
  endfacet
  facet normal 0.80343 -0.154121 -0.575105
    outer loop
      vertex 84.4556 6.92715 11.9432
      vertex 84.3709 8.24987 11.4704
      vertex 84.4556 8.27945 11.5808
    endloop
  endfacet
  facet normal 0.80343 -0.154121 -0.575105
    outer loop
      vertex 84.3709 8.24987 11.4704
      vertex 84.4556 6.92715 11.9432
      vertex 84.3709 6.89757 11.8328
    endloop
  endfacet
  facet normal 0.941397 -0.0872891 -0.32581
    outer loop
      vertex 84.6376 7.02671 12.3147
      vertex 84.5896 8.34433 11.823
      vertex 84.6376 8.37901 11.9524
    endloop
  endfacet
  facet normal 0.941397 -0.0872891 -0.32581
    outer loop
      vertex 84.5896 8.34433 11.823
      vertex 84.6376 7.02671 12.3147
      vertex 84.5896 6.99203 12.1853
    endloop
  endfacet
  facet normal 1.53887e-05 0.965927 -0.258814
    outer loop
      vertex 84.6721 8.41473 12.0857
      vertex 83.9335 8.15698 11.1237
      vertex 84.693 8.45117 12.2217
    endloop
  endfacet
  facet normal 0.989162 -0.0379776 -0.141835
    outer loop
      vertex 84.6784 7.07336 12.4888
      vertex 84.6721 8.41473 12.0857
      vertex 84.693 8.45117 12.2217
    endloop
  endfacet
  facet normal 0.989058 -0.038179 -0.142504
    outer loop
      vertex 84.6721 8.41473 12.0857
      vertex 84.6784 7.07336 12.4888
      vertex 84.6721 7.06244 12.448
    endloop
  endfacet
  facet normal 0.989205 -0.0379217 -0.141544
    outer loop
      vertex 84.693 7.09887 12.584
      vertex 84.6784 7.07336 12.4888
      vertex 84.693 8.45117 12.2217
    endloop
  endfacet
  facet normal -0.0001237 0.965947 -0.258739
    outer loop
      vertex 84.5288 8.31104 11.6987
      vertex 84.1699 8.19785 11.2763
      vertex 84.6376 8.37901 11.9524
    endloop
  endfacet
  facet normal 0.000139864 0.965902 -0.258909
    outer loop
      vertex 84.1699 8.19785 11.2763
      vertex 83.9335 8.15698 11.1237
      vertex 84.6376 8.37901 11.9524
    endloop
  endfacet
  facet normal -0.243224 0.251081 0.93691
    outer loop
      vertex 82.8291 8.84708 13.6992
      vertex 82.8291 7.49478 14.0616
      vertex 82.9257 7.50104 14.085
    endloop
  endfacet
  facet normal -0.0487819 0.25854 0.964768
    outer loop
      vertex 83.1079 8.86143 13.7528
      vertex 83.1505 7.50967 14.1172
      vertex 83.25 8.86324 13.7595
    endloop
  endfacet
  facet normal -0.0508311 0.258453 0.964686
    outer loop
      vertex 83.1505 7.50967 14.1172
      vertex 83.1079 8.86143 13.7528
      vertex 83.1079 7.50913 14.1151
    endloop
  endfacet
  facet normal 0.000382893 0.965627 -0.25993
    outer loop
      vertex 82.8291 8.84708 13.6992
      vertex 82.5665 8.81892 13.5942
      vertex 82.6951 8.83467 13.6529
    endloop
  endfacet
  facet normal -0.427285 0.234034 0.873302
    outer loop
      vertex 82.5665 8.81892 13.5942
      vertex 82.6951 7.48237 14.0153
      vertex 82.6951 8.83467 13.6529
    endloop
  endfacet
  facet normal -0.428742 0.233697 0.872677
    outer loop
      vertex 82.6951 7.48237 14.0153
      vertex 82.5665 8.81892 13.5942
      vertex 82.6565 7.47765 13.9976
    endloop
  endfacet
  facet normal -0.000243146 0.965861 -0.259059
    outer loop
      vertex 84.4556 8.69645 13.1371
      vertex 83.9335 8.81892 13.5942
      vertex 84.2753 8.75332 13.3493
    endloop
  endfacet
  facet normal 6.1432e-05 0.965948 -0.258735
    outer loop
      vertex 84.4556 8.69645 13.1371
      vertex 83.25 8.86324 13.7595
      vertex 83.9335 8.81892 13.5942
    endloop
  endfacet
  facet normal -0.000163698 0.965884 -0.258977
    outer loop
      vertex 84.2753 8.75332 13.3493
      vertex 84.0556 8.79999 13.5235
      vertex 84.1699 8.77805 13.4416
    endloop
  endfacet
  facet normal 0.243224 0.251081 0.93691
    outer loop
      vertex 83.6709 8.84708 13.6992
      vertex 83.5743 7.50104 14.085
      vertex 83.6709 7.49478 14.0616
    endloop
  endfacet
  facet normal 0.146893 0.25598 0.955456
    outer loop
      vertex 83.3921 7.50913 14.1151
      vertex 83.5329 8.85603 13.7326
      vertex 83.3921 8.86143 13.7528
    endloop
  endfacet
  facet normal 0.146229 0.256071 0.955534
    outer loop
      vertex 83.5329 8.85603 13.7326
      vertex 83.3921 7.50913 14.1151
      vertex 83.5329 7.50373 14.095
    endloop
  endfacet
  facet normal 0.0508311 0.258453 0.964686
    outer loop
      vertex 83.3921 8.86143 13.7528
      vertex 83.3495 7.50967 14.1172
      vertex 83.3921 7.50913 14.1151
    endloop
  endfacet
  facet normal 0.0487819 0.25854 0.964768
    outer loop
      vertex 83.3495 7.50967 14.1172
      vertex 83.3921 8.86143 13.7528
      vertex 83.25 8.86324 13.7595
    endloop
  endfacet
  facet normal 0.989161 0.0380564 0.141817
    outer loop
      vertex 84.6868 7.18336 12.8994
      vertex 84.693 8.52473 12.4962
      vertex 84.6721 8.56116 12.6322
    endloop
  endfacet
  facet normal 0.989397 0.0375955 0.140287
    outer loop
      vertex 84.693 8.52473 12.4962
      vertex 84.6868 7.18336 12.8994
      vertex 84.693 7.17244 12.8586
    endloop
  endfacet
  facet normal -0.000308627 0.965883 -0.258977
    outer loop
      vertex 84.6721 8.56116 12.6322
      vertex 84.5896 8.63157 12.8949
      vertex 84.6376 8.59689 12.7655
    endloop
  endfacet
  facet normal 0.000786154 0.96608 -0.258243
    outer loop
      vertex 84.4556 8.69645 13.1371
      vertex 84.2753 8.75332 13.3493
      vertex 84.3709 8.72603 13.2475
    endloop
  endfacet
  facet normal 0.740685 0.173912 0.648953
    outer loop
      vertex 84.2753 7.40102 13.7117
      vertex 84.3709 8.72603 13.2475
      vertex 84.2753 8.75332 13.3493
    endloop
  endfacet
  facet normal 0.740991 0.173779 0.648639
    outer loop
      vertex 84.3709 8.72603 13.2475
      vertex 84.2753 7.40102 13.7117
      vertex 84.3709 7.37373 13.6098
    endloop
  endfacet
  facet normal 0.904156 0.110555 0.412649
    outer loop
      vertex 84.5288 7.31256 13.3815
      vertex 84.5896 8.63157 12.8949
      vertex 84.5288 8.66486 13.0192
    endloop
  endfacet
  facet normal 0.904032 0.110651 0.412895
    outer loop
      vertex 84.5896 8.63157 12.8949
      vertex 84.5288 7.31256 13.3815
      vertex 84.5896 7.27927 13.2573
    endloop
  endfacet
  facet normal 0.941397 0.0873116 0.325804
    outer loop
      vertex 84.5896 7.27927 13.2573
      vertex 84.6376 8.59689 12.7655
      vertex 84.5896 8.63157 12.8949
    endloop
  endfacet
  facet normal 0.941397 0.0873116 0.325804
    outer loop
      vertex 84.6376 8.59689 12.7655
      vertex 84.5896 7.27927 13.2573
      vertex 84.6376 7.24459 13.1279
    endloop
  endfacet
  facet normal 0.000243146 0.965861 -0.259059
    outer loop
      vertex 82.5665 8.81892 13.5942
      vertex 82.0444 8.69645 13.1371
      vertex 82.2247 8.75332 13.3493
    endloop
  endfacet
  facet normal -6.1432e-05 0.965948 -0.258735
    outer loop
      vertex 83.25 8.86324 13.7595
      vertex 82.0444 8.69645 13.1371
      vertex 82.5665 8.81892 13.5942
    endloop
  endfacet
  facet normal -6.75602e-05 0.965917 -0.258851
    outer loop
      vertex 81.8624 8.37901 11.9524
      vertex 81.8279 8.41473 12.0857
      vertex 82.5665 8.15698 11.1237
    endloop
  endfacet
  facet normal 0.0001237 0.965947 -0.258739
    outer loop
      vertex 81.9712 8.31104 11.6987
      vertex 81.8624 8.37901 11.9524
      vertex 82.3301 8.19785 11.2763
    endloop
  endfacet
  facet normal -0.000139864 0.965902 -0.258909
    outer loop
      vertex 82.3301 8.19785 11.2763
      vertex 81.8624 8.37901 11.9524
      vertex 82.5665 8.15698 11.1237
    endloop
  endfacet
  facet normal 0.000191571 0.966408 -0.257011
    outer loop
      vertex 83.1079 8.11447 10.9651
      vertex 82.9671 8.11987 10.9853
      vertex 83.25 8.11266 10.9584
    endloop
  endfacet
  facet normal -0.242599 -0.251102 -0.937066
    outer loop
      vertex 82.8291 6.77652 11.381
      vertex 82.9671 8.11987 10.9853
      vertex 82.8705 6.77384 11.371
    endloop
  endfacet
  facet normal -0.243054 -0.251027 -0.936969
    outer loop
      vertex 82.9671 8.11987 10.9853
      vertex 82.8291 6.77652 11.381
      vertex 82.8291 8.12882 11.0187
    endloop
  endfacet
  facet normal -0.000134081 0.965784 -0.259349
    outer loop
      vertex 82.8291 8.12882 11.0187
      vertex 82.5665 8.15698 11.1237
      vertex 82.9671 8.11987 10.9853
    endloop
  endfacet
  facet normal -0.243249 -0.251014 -0.936921
    outer loop
      vertex 82.9671 6.76757 11.3476
      vertex 82.8705 6.77384 11.371
      vertex 82.9671 8.11987 10.9853
    endloop
  endfacet
  facet normal -0.857602 -0.133132 -0.496784
    outer loop
      vertex 82.0444 8.27945 11.5808
      vertex 81.9712 6.95874 12.0611
      vertex 81.9712 8.31104 11.6987
    endloop
  endfacet
  facet normal -0.857602 -0.133132 -0.496784
    outer loop
      vertex 81.9712 6.95874 12.0611
      vertex 82.0444 8.27945 11.5808
      vertex 82.0444 6.92715 11.9432
    endloop
  endfacet
  facet normal -2.73827e-05 0.965924 -0.258826
    outer loop
      vertex 82.0444 8.27945 11.5808
      vertex 81.9712 8.31104 11.6987
      vertex 82.1291 8.24987 11.4704
    endloop
  endfacet
  facet normal -0.740685 -0.173912 -0.648953
    outer loop
      vertex 82.2247 8.22258 11.3686
      vertex 82.1291 6.89757 11.8328
      vertex 82.1291 8.24987 11.4704
    endloop
  endfacet
  facet normal -0.740991 -0.173779 -0.648639
    outer loop
      vertex 82.1291 6.89757 11.8328
      vertex 82.2247 8.22258 11.3686
      vertex 82.2247 6.87028 11.7309
    endloop
  endfacet
  facet normal 0.242599 -0.251102 -0.937066
    outer loop
      vertex 83.5329 8.11987 10.9853
      vertex 83.6709 6.77652 11.381
      vertex 83.6295 6.77384 11.371
    endloop
  endfacet
  facet normal 0.243054 -0.251027 -0.936969
    outer loop
      vertex 83.6709 6.77652 11.381
      vertex 83.5329 8.11987 10.9853
      vertex 83.6709 8.12882 11.0187
    endloop
  endfacet
  facet normal 0.000134081 0.965784 -0.259349
    outer loop
      vertex 83.6709 8.12882 11.0187
      vertex 83.5329 8.11987 10.9853
      vertex 83.9335 8.15698 11.1237
    endloop
  endfacet
  facet normal 0.000685597 0.965734 -0.259533
    outer loop
      vertex 84.2753 8.22258 11.3686
      vertex 84.1699 8.19785 11.2763
      vertex 84.3709 8.24987 11.4704
    endloop
  endfacet
  facet normal 0.671661 -0.191725 -0.71562
    outer loop
      vertex 84.1699 8.19785 11.2763
      vertex 84.2753 6.87028 11.7309
      vertex 84.1699 6.84555 11.6386
    endloop
  endfacet
  facet normal 0.671661 -0.191725 -0.71562
    outer loop
      vertex 84.2753 6.87028 11.7309
      vertex 84.1699 8.19785 11.2763
      vertex 84.2753 8.22258 11.3686
    endloop
  endfacet
  facet normal 0.513359 -0.222084 -0.828939
    outer loop
      vertex 84.0556 6.82361 11.5567
      vertex 83.9701 6.81036 11.5073
      vertex 84.0556 8.17591 11.1944
    endloop
  endfacet
  facet normal 0.970021 -0.0628911 -0.234744
    outer loop
      vertex 84.6618 7.05172 12.408
      vertex 84.6376 7.02671 12.3147
      vertex 84.6376 8.37901 11.9524
    endloop
  endfacet
  facet normal -0.146893 0.25598 0.955456
    outer loop
      vertex 82.9671 8.85603 13.7326
      vertex 83.1079 7.50913 14.1151
      vertex 83.1079 8.86143 13.7528
    endloop
  endfacet
  facet normal -0.146229 0.256071 0.955534
    outer loop
      vertex 83.1079 7.50913 14.1151
      vertex 82.9671 8.85603 13.7326
      vertex 82.9671 7.50373 14.095
    endloop
  endfacet
  facet normal 0.000216827 0.965698 -0.259668
    outer loop
      vertex 83.1079 8.86143 13.7528
      vertex 82.8291 8.84708 13.6992
      vertex 82.9671 8.85603 13.7326
    endloop
  endfacet
  facet normal -0.595777 0.207845 0.77579
    outer loop
      vertex 82.3301 8.77805 13.4416
      vertex 82.4444 7.44769 13.8858
      vertex 82.4444 8.79999 13.5235
    endloop
  endfacet
  facet normal -0.595339 0.207983 0.776089
    outer loop
      vertex 82.4444 7.44769 13.8858
      vertex 82.3301 8.77805 13.4416
      vertex 82.3301 7.42575 13.804
    endloop
  endfacet
  facet normal 0.000163698 0.965884 -0.258977
    outer loop
      vertex 82.4444 8.79999 13.5235
      vertex 82.2247 8.75332 13.3493
      vertex 82.3301 8.77805 13.4416
    endloop
  endfacet
  facet normal -0.000382893 0.965627 -0.25993
    outer loop
      vertex 83.9335 8.81892 13.5942
      vertex 83.6709 8.84708 13.6992
      vertex 83.8049 8.83467 13.6529
    endloop
  endfacet
  facet normal 0.857602 0.133098 0.496793
    outer loop
      vertex 84.4556 7.34415 13.4994
      vertex 84.5288 8.66486 13.0192
      vertex 84.4556 8.69645 13.1371
    endloop
  endfacet
  facet normal 0.857602 0.133098 0.496793
    outer loop
      vertex 84.5288 8.66486 13.0192
      vertex 84.4556 7.34415 13.4994
      vertex 84.5288 7.31256 13.3815
    endloop
  endfacet
  facet normal 0.80343 0.154082 0.575116
    outer loop
      vertex 84.3709 7.37373 13.6098
      vertex 84.4556 8.69645 13.1371
      vertex 84.3709 8.72603 13.2475
    endloop
  endfacet
  facet normal 0.80343 0.154082 0.575116
    outer loop
      vertex 84.4556 8.69645 13.1371
      vertex 84.3709 7.37373 13.6098
      vertex 84.4556 7.34415 13.4994
    endloop
  endfacet
  facet normal 0.000943968 0.965981 -0.25861
    outer loop
      vertex 84.693 8.52473 12.4962
      vertex 84.5896 8.63157 12.8949
      vertex 84.6721 8.56116 12.6322
    endloop
  endfacet
  facet normal -0.000306014 0.965901 -0.258913
    outer loop
      vertex 84.693 8.52473 12.4962
      vertex 84.4556 8.69645 13.1371
      vertex 84.5896 8.63157 12.8949
    endloop
  endfacet
  facet normal -0.989038 0.0382127 0.142629
    outer loop
      vertex 81.8279 8.56116 12.6322
      vertex 81.8132 7.18336 12.8994
      vertex 81.8279 7.20887 12.9945
    endloop
  endfacet
  facet normal -2.65599e-05 0.965932 -0.258798
    outer loop
      vertex 83.25 8.86324 13.7595
      vertex 81.807 8.52473 12.4962
      vertex 82.0444 8.69645 13.1371
    endloop
  endfacet
  facet normal -0.80343 0.154082 0.575116
    outer loop
      vertex 82.0444 8.69645 13.1371
      vertex 82.1291 7.37373 13.6098
      vertex 82.1291 8.72603 13.2475
    endloop
  endfacet
  facet normal -0.80343 0.154082 0.575116
    outer loop
      vertex 82.1291 7.37373 13.6098
      vertex 82.0444 8.69645 13.1371
      vertex 82.0444 7.34415 13.4994
    endloop
  endfacet
  facet normal -0.857602 0.133098 0.496793
    outer loop
      vertex 81.9712 8.66486 13.0192
      vertex 82.0444 7.34415 13.4994
      vertex 82.0444 8.69645 13.1371
    endloop
  endfacet
  facet normal -0.857602 0.133098 0.496793
    outer loop
      vertex 82.0444 7.34415 13.4994
      vertex 81.9712 8.66486 13.0192
      vertex 81.9712 7.31256 13.3815
    endloop
  endfacet
  facet normal -0.970144 -0.0627291 -0.234278
    outer loop
      vertex 81.8382 7.05172 12.408
      vertex 81.8279 8.41473 12.0857
      vertex 81.8624 8.37901 11.9524
    endloop
  endfacet
  facet normal -0.970433 -0.0624636 -0.233146
    outer loop
      vertex 81.8279 8.41473 12.0857
      vertex 81.8382 7.05172 12.408
      vertex 81.8279 7.06244 12.448
    endloop
  endfacet
  facet normal -0.989162 -0.0379776 -0.141835
    outer loop
      vertex 81.8279 8.41473 12.0857
      vertex 81.8216 7.07336 12.4888
      vertex 81.807 8.45117 12.2217
    endloop
  endfacet
  facet normal -0.989058 -0.038179 -0.142504
    outer loop
      vertex 81.8216 7.07336 12.4888
      vertex 81.8279 8.41473 12.0857
      vertex 81.8279 7.06244 12.448
    endloop
  endfacet
  facet normal -0.000398102 0.965802 -0.259282
    outer loop
      vertex 82.4444 8.17591 11.1944
      vertex 82.3301 8.19785 11.2763
      vertex 82.5665 8.15698 11.1237
    endloop
  endfacet
  facet normal -0.00152298 0.96577 -0.259397
    outer loop
      vertex 81.9104 8.34433 11.823
      vertex 81.8624 8.37901 11.9524
      vertex 81.9712 8.31104 11.6987
    endloop
  endfacet
  facet normal -0.970021 -0.0628911 -0.234744
    outer loop
      vertex 81.8624 7.02671 12.3147
      vertex 81.8382 7.05172 12.408
      vertex 81.8624 8.37901 11.9524
    endloop
  endfacet
  facet normal -0.941397 -0.0872891 -0.32581
    outer loop
      vertex 81.9104 8.34433 11.823
      vertex 81.8624 7.02671 12.3147
      vertex 81.8624 8.37901 11.9524
    endloop
  endfacet
  facet normal -0.941397 -0.0872891 -0.32581
    outer loop
      vertex 81.8624 7.02671 12.3147
      vertex 81.9104 8.34433 11.823
      vertex 81.9104 6.99203 12.1853
    endloop
  endfacet
  facet normal -0.513359 -0.222084 -0.828939
    outer loop
      vertex 82.5299 6.81036 11.5073
      vertex 82.4444 6.82361 11.5567
      vertex 82.4444 8.17591 11.1944
    endloop
  endfacet
  facet normal -0.146893 -0.25598 -0.955456
    outer loop
      vertex 82.9671 6.76757 11.3476
      vertex 83.1079 8.11447 10.9651
      vertex 83.1079 6.76217 11.3274
    endloop
  endfacet
  facet normal -0.146893 -0.25598 -0.955456
    outer loop
      vertex 83.1079 8.11447 10.9651
      vertex 82.9671 6.76757 11.3476
      vertex 82.9671 8.11987 10.9853
    endloop
  endfacet
  facet normal -0.0488458 -0.258478 -0.964781
    outer loop
      vertex 83.2074 6.76091 11.3227
      vertex 83.1079 6.76217 11.3274
      vertex 83.1079 8.11447 10.9651
    endloop
  endfacet
  facet normal -0.000382893 0.965627 -0.25993
    outer loop
      vertex 82.6951 8.14123 11.065
      vertex 82.5665 8.15698 11.1237
      vertex 82.8291 8.12882 11.0187
    endloop
  endfacet
  facet normal -0.000330472 0.965831 -0.259173
    outer loop
      vertex 84.2753 8.75332 13.3493
      vertex 83.9335 8.81892 13.5942
      vertex 84.0556 8.79999 13.5235
    endloop
  endfacet
  facet normal 0.514284 0.221941 0.828404
    outer loop
      vertex 84.0556 8.79999 13.5235
      vertex 84.019 7.45337 13.907
      vertex 84.0556 7.44769 13.8858
    endloop
  endfacet
  facet normal 0.514136 0.221969 0.828489
    outer loop
      vertex 84.019 7.45337 13.907
      vertex 84.0556 8.79999 13.5235
      vertex 83.9335 8.81892 13.5942
    endloop
  endfacet
  facet normal -0.970076 0.062834 0.234529
    outer loop
      vertex 81.8279 8.56116 12.6322
      vertex 81.8279 7.20887 12.9945
      vertex 81.8521 7.23387 13.0879
    endloop
  endfacet
  facet normal -0.970145 0.0627438 0.23427
    outer loop
      vertex 81.8521 7.23387 13.0879
      vertex 81.8624 8.59689 12.7655
      vertex 81.8279 8.56116 12.6322
    endloop
  endfacet
  facet normal -0.970433 0.0624793 0.233142
    outer loop
      vertex 81.8624 8.59689 12.7655
      vertex 81.8521 7.23387 13.0879
      vertex 81.8624 7.24459 13.1279
    endloop
  endfacet
  facet normal -0.595777 -0.207845 -0.77579
    outer loop
      vertex 82.3301 6.84555 11.6386
      vertex 82.4444 8.17591 11.1944
      vertex 82.4444 6.82361 11.5567
    endloop
  endfacet
  facet normal -0.595777 -0.207845 -0.77579
    outer loop
      vertex 82.4444 8.17591 11.1944
      vertex 82.3301 6.84555 11.6386
      vertex 82.3301 8.19785 11.2763
    endloop
  endfacet
  facet normal 0.000308627 0.965883 -0.258977
    outer loop
      vertex 81.9104 8.63157 12.8949
      vertex 81.8279 8.56116 12.6322
      vertex 81.8624 8.59689 12.7655
    endloop
  endfacet
  facet normal 0.99879 0.0127321 0.0475098
    outer loop
      vertex 84.6951 18.6012 55.5113
      vertex 84.693 19.9645 55.1901
      vertex 84.693 18.6122 55.5525
    endloop
  endfacet
  facet normal 0.998788 0.0127416 0.0475503
    outer loop
      vertex 84.693 19.9645 55.1901
      vertex 84.6951 18.6012 55.5113
      vertex 84.7 19.9278 55.0529
    endloop
  endfacet
  facet normal 0.99879 0.0127276 0.0475099
    outer loop
      vertex 84.7 19.9278 55.0529
      vertex 84.6951 18.6012 55.5113
      vertex 84.7 18.5754 55.4152
    endloop
  endfacet
  facet normal 0 0.965913 -0.258866
    outer loop
      vertex 84.1699 19.6376 53.9702
      vertex 81.9712 20.1047 55.7131
      vertex 84.5288 20.1047 55.7131
    endloop
  endfacet
  facet normal 0 0.965913 -0.258866
    outer loop
      vertex 81.9712 20.1047 55.7131
      vertex 84.1699 19.6376 53.9702
      vertex 82.3301 19.6376 53.9702
    endloop
  endfacet
  facet normal -0.00212831 0.965675 -0.259746
    outer loop
      vertex 84.6376 20.0367 55.4594
      vertex 84.5288 20.1047 55.7131
      vertex 84.5896 20.0714 55.5888
    endloop
  endfacet
  facet normal -0.671493 0.191814 0.715755
    outer loop
      vertex 82.2247 20.1931 56.0432
      vertex 82.2247 18.8408 56.4056
      vertex 82.2985 18.8581 56.4702
    endloop
  endfacet
  facet normal 0.243078 0.251025 0.936963
    outer loop
      vertex 83.6709 20.2869 56.3932
      vertex 83.5743 18.9408 56.7789
      vertex 83.6709 18.9346 56.7555
    endloop
  endfacet
  facet normal 0.85795 0.132948 0.496233
    outer loop
      vertex 84.5288 20.1047 55.7131
      vertex 84.4776 18.7745 56.158
      vertex 84.5288 18.7524 56.0754
    endloop
  endfacet
  facet normal -1.20971e-05 0.965914 -0.258864
    outer loop
      vertex 84.6376 19.8188 54.6463
      vertex 84.1699 19.6376 53.9702
      vertex 84.5288 20.1047 55.7131
    endloop
  endfacet
  facet normal 0.000255887 0.965999 -0.258547
    outer loop
      vertex 84.5288 20.1047 55.7131
      vertex 83.8049 20.2745 56.3468
      vertex 84.0556 20.2398 56.2174
    endloop
  endfacet
  facet normal -0.000320019 0.965947 -0.25874
    outer loop
      vertex 84.3709 19.6897 54.1643
      vertex 84.2753 19.6624 54.0625
      vertex 84.4556 19.7193 54.2747
    endloop
  endfacet
  facet normal -0.000255887 0.965999 -0.258547
    outer loop
      vertex 82.6951 20.2745 56.3468
      vertex 81.9712 20.1047 55.7131
      vertex 82.4444 20.2398 56.2174
    endloop
  endfacet
  facet normal 0 0.966097 -0.258181
    outer loop
      vertex 83.8049 20.2745 56.3468
      vertex 82.8291 20.2869 56.3932
      vertex 83.6709 20.2869 56.3932
    endloop
  endfacet
  facet normal 0 0.966097 -0.258181
    outer loop
      vertex 82.8291 20.2869 56.3932
      vertex 83.8049 20.2745 56.3468
      vertex 82.6951 20.2745 56.3468
    endloop
  endfacet
  facet normal 0.000478619 0.965957 -0.258703
    outer loop
      vertex 84.7 19.9278 55.0529
      vertex 84.5288 20.1047 55.7131
      vertex 84.6376 20.0367 55.4594
    endloop
  endfacet
  facet normal 0.00104093 0.966182 -0.25786
    outer loop
      vertex 84.5288 20.1047 55.7131
      vertex 84.0556 20.2398 56.2174
      vertex 84.3709 20.1658 55.9414
    endloop
  endfacet
  facet normal 0.049441 0.258471 0.964753
    outer loop
      vertex 83.25 18.9507 56.8158
      vertex 83.3921 20.3012 56.4467
      vertex 83.25 20.303 56.4535
    endloop
  endfacet
  facet normal 0.0487637 0.258546 0.964767
    outer loop
      vertex 83.3921 20.3012 56.4467
      vertex 83.25 18.9507 56.8158
      vertex 83.3921 18.9489 56.8091
    endloop
  endfacet
  facet normal 0 0.965755 -0.259457
    outer loop
      vertex 83.25 19.5525 53.6523
      vertex 83.1079 19.5543 53.659
      vertex 83.3921 19.5543 53.659
    endloop
  endfacet
  facet normal 0.00383612 0.967702 -0.252068
    outer loop
      vertex 84.0556 20.2398 56.2174
      vertex 83.8049 20.2745 56.3468
      vertex 83.9335 20.2587 56.2881
    endloop
  endfacet
  facet normal -0.970142 -0.0628007 -0.234268
    outer loop
      vertex 81.8624 19.8188 54.6463
      vertex 81.8521 18.4772 55.0486
      vertex 81.8279 19.8545 54.7796
    endloop
  endfacet
  facet normal -0.970426 -0.0624705 -0.233174
    outer loop
      vertex 81.8521 18.4772 55.0486
      vertex 81.8624 19.8188 54.6463
      vertex 81.8624 18.4665 55.0086
    endloop
  endfacet
  facet normal 0.00146237 0.966163 -0.257928
    outer loop
      vertex 82.2247 19.6624 54.0625
      vertex 81.8624 19.8188 54.6463
      vertex 82.3301 19.6376 53.9702
    endloop
  endfacet
  facet normal 0.903982 -0.110678 -0.412998
    outer loop
      vertex 84.5714 18.4218 54.842
      vertex 84.5288 18.3985 54.755
      vertex 84.5288 19.7508 54.3926
    endloop
  endfacet
  facet normal -0.000298647 0.965906 -0.258891
    outer loop
      vertex 84.6376 19.8188 54.6463
      vertex 84.5288 20.1047 55.7131
      vertex 84.7 19.9278 55.0529
    endloop
  endfacet
  facet normal -0.00135841 0.966529 -0.256553
    outer loop
      vertex 84.0556 19.6157 53.8883
      vertex 83.8049 19.581 53.7589
      vertex 84.1699 19.6376 53.9702
    endloop
  endfacet
  facet normal -0.00146237 0.966163 -0.257928
    outer loop
      vertex 84.2753 19.6624 54.0625
      vertex 84.1699 19.6376 53.9702
      vertex 84.6376 19.8188 54.6463
    endloop
  endfacet
  facet normal 0.000670688 0.965833 -0.259163
    outer loop
      vertex 84.5288 19.7508 54.3926
      vertex 84.2753 19.6624 54.0625
      vertex 84.6376 19.8188 54.6463
    endloop
  endfacet
  facet normal 0.903852 0.110721 0.413271
    outer loop
      vertex 84.5288 20.1047 55.7131
      vertex 84.5288 18.7524 56.0754
      vertex 84.5714 18.729 55.9885
    endloop
  endfacet
  facet normal -0.00490298 0.964318 -0.264701
    outer loop
      vertex 84.2753 20.1931 56.0432
      vertex 84.0556 20.2398 56.2174
      vertex 84.1699 20.2179 56.1355
    endloop
  endfacet
  facet normal -0.000270537 0.965808 -0.259258
    outer loop
      vertex 84.3709 20.1658 55.9414
      vertex 84.0556 20.2398 56.2174
      vertex 84.2753 20.1931 56.0432
    endloop
  endfacet
  facet normal 0.000270537 0.965808 -0.259258
    outer loop
      vertex 82.4444 20.2398 56.2174
      vertex 82.1291 20.1658 55.9414
      vertex 82.2247 20.1931 56.0432
    endloop
  endfacet
  facet normal -0.049441 -0.258471 -0.964753
    outer loop
      vertex 83.1079 18.202 54.0214
      vertex 83.25 19.5525 53.6523
      vertex 83.25 18.2002 54.0146
    endloop
  endfacet
  facet normal -0.0487637 -0.258546 -0.964767
    outer loop
      vertex 83.25 19.5525 53.6523
      vertex 83.1079 18.202 54.0214
      vertex 83.1079 19.5543 53.659
    endloop
  endfacet
  facet normal -0.00519272 0.965608 -0.25995
    outer loop
      vertex 81.8279 19.8545 54.7796
      vertex 81.807 19.891 54.9156
      vertex 81.8624 19.8188 54.6463
    endloop
  endfacet
  facet normal -0.427359 0.234007 0.873273
    outer loop
      vertex 82.5665 20.2587 56.2881
      vertex 82.6051 18.9111 56.6681
      vertex 82.6951 20.2745 56.3468
    endloop
  endfacet
  facet normal -0.428643 0.233808 0.872696
    outer loop
      vertex 82.6051 18.9111 56.6681
      vertex 82.5665 20.2587 56.2881
      vertex 82.5665 18.9064 56.6504
    endloop
  endfacet
  facet normal 0.00212831 0.965675 -0.259746
    outer loop
      vertex 81.9712 20.1047 55.7131
      vertex 81.8624 20.0367 55.4594
      vertex 81.9104 20.0714 55.5888
    endloop
  endfacet
  facet normal 0.970142 -0.0628007 -0.234268
    outer loop
      vertex 84.6479 18.4772 55.0486
      vertex 84.6376 19.8188 54.6463
      vertex 84.6721 19.8545 54.7796
    endloop
  endfacet
  facet normal 0.970426 -0.0624705 -0.233174
    outer loop
      vertex 84.6376 19.8188 54.6463
      vertex 84.6479 18.4772 55.0486
      vertex 84.6376 18.4665 55.0086
    endloop
  endfacet
  facet normal 0.998789 -0.0127318 -0.0475219
    outer loop
      vertex 84.6979 18.5644 55.374
      vertex 84.693 18.5387 55.2779
      vertex 84.693 19.891 54.9156
    endloop
  endfacet
  facet normal 0.00519272 0.965608 -0.25995
    outer loop
      vertex 84.6721 19.8545 54.7796
      vertex 84.6376 19.8188 54.6463
      vertex 84.693 19.891 54.9156
    endloop
  endfacet
  facet normal -0.000476092 0.965913 -0.258866
    outer loop
      vertex 84.693 19.891 54.9156
      vertex 84.6376 19.8188 54.6463
      vertex 84.7 19.9278 55.0529
    endloop
  endfacet
  facet normal 0.00837252 0.966109 -0.258
    outer loop
      vertex 84.7 19.9278 55.0529
      vertex 84.6721 20.001 55.3261
      vertex 84.693 19.9645 55.1901
    endloop
  endfacet
  facet normal -0.000731246 0.96591 -0.258876
    outer loop
      vertex 84.7 19.9278 55.0529
      vertex 84.6376 20.0367 55.4594
      vertex 84.6721 20.001 55.3261
    endloop
  endfacet
  facet normal 0.146229 -0.256071 -0.955534
    outer loop
      vertex 83.3921 19.5543 53.659
      vertex 83.5329 18.2074 54.0415
      vertex 83.3921 18.202 54.0214
    endloop
  endfacet
  facet normal 0.146893 -0.25598 -0.955456
    outer loop
      vertex 83.5329 18.2074 54.0415
      vertex 83.3921 19.5543 53.659
      vertex 83.5329 19.5597 53.6792
    endloop
  endfacet
  facet normal 0.803446 -0.154105 -0.575088
    outer loop
      vertex 84.4556 18.3669 54.6371
      vertex 84.3963 18.3462 54.5598
      vertex 84.4556 19.7193 54.2747
    endloop
  endfacet
  facet normal 0.00212831 0.965675 -0.259746
    outer loop
      vertex 84.5896 19.7841 54.5169
      vertex 84.5288 19.7508 54.3926
      vertex 84.6376 19.8188 54.6463
    endloop
  endfacet
  facet normal 0.740693 0.173909 0.648945
    outer loop
      vertex 84.2753 18.8408 56.4056
      vertex 84.3709 20.1658 55.9414
      vertex 84.2753 20.1931 56.0432
    endloop
  endfacet
  facet normal 0.740999 0.173777 0.64863
    outer loop
      vertex 84.3709 20.1658 55.9414
      vertex 84.2753 18.8408 56.4056
      vertex 84.3709 18.8135 56.3037
    endloop
  endfacet
  facet normal 0.803443 0.154117 0.575089
    outer loop
      vertex 84.4302 18.7928 56.2265
      vertex 84.4556 20.1362 55.831
      vertex 84.3709 20.1658 55.9414
    endloop
  endfacet
  facet normal 0.804238 0.153799 0.574061
    outer loop
      vertex 84.4556 20.1362 55.831
      vertex 84.4302 18.7928 56.2265
      vertex 84.4556 18.7839 56.1933
    endloop
  endfacet
  facet normal 0.671731 0.191744 0.71555
    outer loop
      vertex 84.1699 18.8655 56.4979
      vertex 84.2753 20.1931 56.0432
      vertex 84.1699 20.2179 56.1355
    endloop
  endfacet
  facet normal 0.671956 0.191662 0.715361
    outer loop
      vertex 84.2753 20.1931 56.0432
      vertex 84.1699 18.8655 56.4979
      vertex 84.2015 18.8581 56.4702
    endloop
  endfacet
  facet normal 0.595708 0.207897 0.775829
    outer loop
      vertex 84.1699 20.2179 56.1355
      vertex 84.0899 18.8809 56.5552
      vertex 84.1699 18.8655 56.4979
    endloop
  endfacet
  facet normal -0.000181744 0.965759 -0.25944
    outer loop
      vertex 83.5329 20.2958 56.4265
      vertex 83.25 20.303 56.4535
      vertex 83.3921 20.3012 56.4467
    endloop
  endfacet
  facet normal 0 0.966235 -0.257663
    outer loop
      vertex 83.5329 20.2958 56.4265
      vertex 82.9671 20.2958 56.4265
      vertex 83.25 20.303 56.4535
    endloop
  endfacet
  facet normal 0.59573 0.207907 0.775809
    outer loop
      vertex 84.0556 18.8875 56.5798
      vertex 84.1699 20.2179 56.1355
      vertex 84.0556 20.2398 56.2174
    endloop
  endfacet
  facet normal 0.596173 0.207768 0.775506
    outer loop
      vertex 84.1699 20.2179 56.1355
      vertex 84.0556 18.8875 56.5798
      vertex 84.0899 18.8809 56.5552
    endloop
  endfacet
  facet normal 0.337403 0.243612 0.909292
    outer loop
      vertex 83.6709 18.9346 56.7555
      vertex 83.8049 20.2745 56.3468
      vertex 83.6709 20.2869 56.3932
    endloop
  endfacet
  facet normal 0.336801 0.243731 0.909484
    outer loop
      vertex 83.8049 20.2745 56.3468
      vertex 83.6709 18.9346 56.7555
      vertex 83.8049 18.9222 56.7092
    endloop
  endfacet
  facet normal 0 0.965926 -0.25882
    outer loop
      vertex 84.5288 20.1047 55.7131
      vertex 82.6951 20.2745 56.3468
      vertex 83.8049 20.2745 56.3468
    endloop
  endfacet
  facet normal 0 0.965926 -0.25882
    outer loop
      vertex 82.6951 20.2745 56.3468
      vertex 84.5288 20.1047 55.7131
      vertex 81.9712 20.1047 55.7131
    endloop
  endfacet
  facet normal 0.000731246 0.96591 -0.258876
    outer loop
      vertex 81.8624 20.0367 55.4594
      vertex 81.8 19.9278 55.0529
      vertex 81.8279 20.001 55.3261
    endloop
  endfacet
  facet normal 0.000181744 0.965759 -0.25944
    outer loop
      vertex 83.25 20.303 56.4535
      vertex 82.9671 20.2958 56.4265
      vertex 83.1079 20.3012 56.4467
    endloop
  endfacet
  facet normal -0.00837252 0.966109 -0.258
    outer loop
      vertex 81.8279 20.001 55.3261
      vertex 81.8 19.9278 55.0529
      vertex 81.807 19.9645 55.1901
    endloop
  endfacet
  facet normal -0.000478619 0.965957 -0.258703
    outer loop
      vertex 81.9712 20.1047 55.7131
      vertex 81.8 19.9278 55.0529
      vertex 81.8624 20.0367 55.4594
    endloop
  endfacet
  facet normal -0.513264 0.222156 0.828979
    outer loop
      vertex 82.4444 20.2398 56.2174
      vertex 82.4444 18.8875 56.5798
      vertex 82.5299 18.9007 56.6292
    endloop
  endfacet
  facet normal -0.00104093 0.966182 -0.25786
    outer loop
      vertex 82.4444 20.2398 56.2174
      vertex 81.9712 20.1047 55.7131
      vertex 82.1291 20.1658 55.9414
    endloop
  endfacet
  facet normal 0.049441 -0.258471 -0.964753
    outer loop
      vertex 83.25 19.5525 53.6523
      vertex 83.3921 18.202 54.0214
      vertex 83.25 18.2002 54.0146
    endloop
  endfacet
  facet normal 0.0487637 -0.258546 -0.964767
    outer loop
      vertex 83.3921 18.202 54.0214
      vertex 83.25 19.5525 53.6523
      vertex 83.3921 19.5543 53.659
    endloop
  endfacet
  facet normal 3.89259e-05 0.965929 -0.258806
    outer loop
      vertex 83.8049 19.581 53.7589
      vertex 83.6709 19.5686 53.7126
      vertex 84.1699 19.6376 53.9702
    endloop
  endfacet
  facet normal 0.857559 -0.133151 -0.496854
    outer loop
      vertex 84.5288 18.3985 54.755
      vertex 84.4556 19.7193 54.2747
      vertex 84.5288 19.7508 54.3926
    endloop
  endfacet
  facet normal 0.857607 -0.133121 -0.496779
    outer loop
      vertex 84.4556 19.7193 54.2747
      vertex 84.5288 18.3985 54.755
      vertex 84.4556 18.3669 54.6371
    endloop
  endfacet
  facet normal 0.803443 -0.154106 -0.575092
    outer loop
      vertex 84.3963 18.3462 54.5598
      vertex 84.3709 19.6897 54.1643
      vertex 84.4556 19.7193 54.2747
    endloop
  endfacet
  facet normal 0.803223 -0.154194 -0.575376
    outer loop
      vertex 84.3709 19.6897 54.1643
      vertex 84.3963 18.3462 54.5598
      vertex 84.3709 18.3374 54.5267
    endloop
  endfacet
  facet normal -0.00408863 0.966734 -0.255749
    outer loop
      vertex 84.4556 19.7193 54.2747
      vertex 84.2753 19.6624 54.0625
      vertex 84.5288 19.7508 54.3926
    endloop
  endfacet
  facet normal 0.99879 -0.0127279 -0.047511
    outer loop
      vertex 84.6979 18.5644 55.374
      vertex 84.7 19.9278 55.0529
      vertex 84.7 18.5754 55.4152
    endloop
  endfacet
  facet normal 0.99879 -0.0127277 -0.0475102
    outer loop
      vertex 84.7 19.9278 55.0529
      vertex 84.6979 18.5644 55.374
      vertex 84.693 19.891 54.9156
    endloop
  endfacet
  facet normal -0.146229 -0.256071 -0.955534
    outer loop
      vertex 82.9671 18.2074 54.0415
      vertex 83.1079 19.5543 53.659
      vertex 83.1079 18.202 54.0214
    endloop
  endfacet
  facet normal -0.146893 -0.25598 -0.955456
    outer loop
      vertex 83.1079 19.5543 53.659
      vertex 82.9671 18.2074 54.0415
      vertex 82.9671 19.5597 53.6792
    endloop
  endfacet
  facet normal 0.7411 -0.173793 -0.648512
    outer loop
      vertex 84.3422 18.3292 54.4961
      vertex 84.3709 19.6897 54.1643
      vertex 84.3709 18.3374 54.5267
    endloop
  endfacet
  facet normal 0.740693 -0.173891 -0.648949
    outer loop
      vertex 84.3709 19.6897 54.1643
      vertex 84.3422 18.3292 54.4961
      vertex 84.2753 19.6624 54.0625
    endloop
  endfacet
  facet normal 0.740956 -0.173789 -0.648676
    outer loop
      vertex 84.3422 18.3292 54.4961
      vertex 84.2753 18.3101 54.4248
      vertex 84.2753 19.6624 54.0625
    endloop
  endfacet
  facet normal 0.904159 0.110602 0.412629
    outer loop
      vertex 84.5714 18.729 55.9885
      vertex 84.5896 20.0714 55.5888
      vertex 84.5288 20.1047 55.7131
    endloop
  endfacet
  facet normal 0.904463 0.110415 0.412014
    outer loop
      vertex 84.5896 20.0714 55.5888
      vertex 84.5714 18.729 55.9885
      vertex 84.5896 18.7191 55.9512
    endloop
  endfacet
  facet normal 0.941401 0.0873086 0.325793
    outer loop
      vertex 84.5896 18.7191 55.9512
      vertex 84.6376 20.0367 55.4594
      vertex 84.5896 20.0714 55.5888
    endloop
  endfacet
  facet normal 0.941401 0.0873086 0.325793
    outer loop
      vertex 84.6376 20.0367 55.4594
      vertex 84.5896 18.7191 55.9512
      vertex 84.6376 18.6844 55.8218
    endloop
  endfacet
  facet normal 0.989164 0.0380038 0.141812
    outer loop
      vertex 84.6721 18.6487 55.6885
      vertex 84.693 19.9645 55.1901
      vertex 84.6721 20.001 55.3261
    endloop
  endfacet
  facet normal 0.989164 0.0380038 0.141812
    outer loop
      vertex 84.693 19.9645 55.1901
      vertex 84.6721 18.6487 55.6885
      vertex 84.693 18.6122 55.5525
    endloop
  endfacet
  facet normal 0.803101 0.154196 0.575545
    outer loop
      vertex 84.3709 20.1658 55.9414
      vertex 84.3709 18.8135 56.3037
      vertex 84.4302 18.7928 56.2265
    endloop
  endfacet
  facet normal 0.513264 0.222156 0.828979
    outer loop
      vertex 84.0556 20.2398 56.2174
      vertex 83.9701 18.9007 56.6292
      vertex 84.0556 18.8875 56.5798
    endloop
  endfacet
  facet normal 0.514096 0.22197 0.828513
    outer loop
      vertex 83.9335 18.9064 56.6504
      vertex 84.0556 20.2398 56.2174
      vertex 83.9335 20.2587 56.2881
    endloop
  endfacet
  facet normal 0.514373 0.221896 0.828361
    outer loop
      vertex 84.0556 20.2398 56.2174
      vertex 83.9335 18.9064 56.6504
      vertex 83.9701 18.9007 56.6292
    endloop
  endfacet
  facet normal 0.671493 0.191814 0.715755
    outer loop
      vertex 84.2753 20.1931 56.0432
      vertex 84.2015 18.8581 56.4702
      vertex 84.2753 18.8408 56.4056
    endloop
  endfacet
  facet normal -0.941401 -0.0873035 -0.325795
    outer loop
      vertex 81.9104 19.7841 54.5169
      vertex 81.896 18.4422 54.9181
      vertex 81.8624 19.8188 54.6463
    endloop
  endfacet
  facet normal -0.9416 -0.0871426 -0.325264
    outer loop
      vertex 81.896 18.4422 54.9181
      vertex 81.9104 19.7841 54.5169
      vertex 81.9104 18.4318 54.8792
    endloop
  endfacet
  facet normal -0.672288 -0.191578 -0.715071
    outer loop
      vertex 82.2985 18.2928 54.3602
      vertex 82.3301 19.6376 53.9702
      vertex 82.3301 18.2853 54.3325
    endloop
  endfacet
  facet normal -0.671731 -0.19173 -0.715553
    outer loop
      vertex 82.3301 19.6376 53.9702
      vertex 82.2985 18.2928 54.3602
      vertex 82.2247 19.6624 54.0625
    endloop
  endfacet
  facet normal -0.903982 -0.110678 -0.412998
    outer loop
      vertex 81.9712 18.3985 54.755
      vertex 81.9286 18.4218 54.842
      vertex 81.9712 19.7508 54.3926
    endloop
  endfacet
  facet normal -0.146893 0.256046 0.955439
    outer loop
      vertex 82.9671 20.2958 56.4265
      vertex 83.1079 18.9489 56.8091
      vertex 83.1079 20.3012 56.4467
    endloop
  endfacet
  facet normal -0.146893 0.256046 0.955439
    outer loop
      vertex 83.1079 18.9489 56.8091
      vertex 82.9671 20.2958 56.4265
      vertex 82.9671 18.9435 56.7889
    endloop
  endfacet
  facet normal -0.671731 0.191744 0.71555
    outer loop
      vertex 82.2247 20.1931 56.0432
      vertex 82.3301 18.8655 56.4979
      vertex 82.3301 20.2179 56.1355
    endloop
  endfacet
  facet normal -0.671956 0.191662 0.715361
    outer loop
      vertex 82.3301 18.8655 56.4979
      vertex 82.2247 20.1931 56.0432
      vertex 82.2985 18.8581 56.4702
    endloop
  endfacet
  facet normal 0.428643 0.233808 0.872696
    outer loop
      vertex 83.9335 20.2587 56.2881
      vertex 83.8949 18.9111 56.6681
      vertex 83.9335 18.9064 56.6504
    endloop
  endfacet
  facet normal 0.427359 0.234007 0.873273
    outer loop
      vertex 83.8949 18.9111 56.6681
      vertex 83.9335 20.2587 56.2881
      vertex 83.8049 20.2745 56.3468
    endloop
  endfacet
  facet normal 0.146893 0.256046 0.955439
    outer loop
      vertex 83.3921 18.9489 56.8091
      vertex 83.5329 20.2958 56.4265
      vertex 83.3921 20.3012 56.4467
    endloop
  endfacet
  facet normal 0.146893 0.256046 0.955439
    outer loop
      vertex 83.5329 20.2958 56.4265
      vertex 83.3921 18.9489 56.8091
      vertex 83.5329 18.9435 56.7889
    endloop
  endfacet
  facet normal 0.242329 0.251139 0.937126
    outer loop
      vertex 83.5329 18.9435 56.7889
      vertex 83.6709 20.2869 56.3932
      vertex 83.5329 20.2958 56.4265
    endloop
  endfacet
  facet normal 0.242714 0.251075 0.937044
    outer loop
      vertex 83.6709 20.2869 56.3932
      vertex 83.5329 18.9435 56.7889
      vertex 83.5743 18.9408 56.7789
    endloop
  endfacet
  facet normal -0.903852 0.110721 0.413271
    outer loop
      vertex 81.9712 20.1047 55.7131
      vertex 81.9286 18.729 55.9885
      vertex 81.9712 18.7524 56.0754
    endloop
  endfacet
  facet normal -0.904159 0.110602 0.412629
    outer loop
      vertex 81.9104 20.0714 55.5888
      vertex 81.9286 18.729 55.9885
      vertex 81.9712 20.1047 55.7131
    endloop
  endfacet
  facet normal -0.904463 0.110415 0.412014
    outer loop
      vertex 81.9286 18.729 55.9885
      vertex 81.9104 20.0714 55.5888
      vertex 81.9104 18.7191 55.9512
    endloop
  endfacet
  facet normal 0.336801 -0.243668 -0.9095
    outer loop
      vertex 83.6709 19.5686 53.7126
      vertex 83.8049 18.2287 54.1212
      vertex 83.6709 18.2163 54.0749
    endloop
  endfacet
  facet normal 0.336801 -0.243668 -0.9095
    outer loop
      vertex 83.8049 18.2287 54.1212
      vertex 83.6709 19.5686 53.7126
      vertex 83.8049 19.581 53.7589
    endloop
  endfacet
  facet normal 0.672288 -0.191578 -0.715071
    outer loop
      vertex 84.1699 19.6376 53.9702
      vertex 84.2015 18.2928 54.3602
      vertex 84.1699 18.2853 54.3325
    endloop
  endfacet
  facet normal 0.671731 -0.19173 -0.715553
    outer loop
      vertex 84.2015 18.2928 54.3602
      vertex 84.1699 19.6376 53.9702
      vertex 84.2753 19.6624 54.0625
    endloop
  endfacet
  facet normal -0.00211734 0.966891 -0.25518
    outer loop
      vertex 83.9335 19.5968 53.8177
      vertex 83.8049 19.581 53.7589
      vertex 84.0556 19.6157 53.8883
    endloop
  endfacet
  facet normal 0.989164 -0.037994 -0.141814
    outer loop
      vertex 84.693 18.5387 55.2779
      vertex 84.6721 19.8545 54.7796
      vertex 84.693 19.891 54.9156
    endloop
  endfacet
  facet normal 0.989149 -0.0380293 -0.141907
    outer loop
      vertex 84.6721 19.8545 54.7796
      vertex 84.693 18.5387 55.2779
      vertex 84.6721 18.5022 55.142
    endloop
  endfacet
  facet normal -0.242968 -0.251032 -0.936989
    outer loop
      vertex 82.8291 18.2163 54.0749
      vertex 82.9671 19.5597 53.6792
      vertex 82.9671 18.2074 54.0415
    endloop
  endfacet
  facet normal -0.242968 -0.251032 -0.936989
    outer loop
      vertex 82.9671 19.5597 53.6792
      vertex 82.8291 18.2163 54.0749
      vertex 82.8291 19.5686 53.7126
    endloop
  endfacet
  facet normal 0.941401 -0.0873035 -0.325795
    outer loop
      vertex 84.604 18.4422 54.9181
      vertex 84.5896 19.7841 54.5169
      vertex 84.6376 19.8188 54.6463
    endloop
  endfacet
  facet normal 0.9416 -0.0871426 -0.325264
    outer loop
      vertex 84.5896 19.7841 54.5169
      vertex 84.604 18.4422 54.9181
      vertex 84.5896 18.4318 54.8792
    endloop
  endfacet
  facet normal 0.904161 -0.110552 -0.41264
    outer loop
      vertex 84.5714 18.4218 54.842
      vertex 84.5896 19.7841 54.5169
      vertex 84.5896 18.4318 54.8792
    endloop
  endfacet
  facet normal 0.904159 -0.110553 -0.412643
    outer loop
      vertex 84.5896 19.7841 54.5169
      vertex 84.5714 18.4218 54.842
      vertex 84.5288 19.7508 54.3926
    endloop
  endfacet
  facet normal 0.970142 0.0627823 0.234273
    outer loop
      vertex 84.6376 18.6844 55.8218
      vertex 84.6721 20.001 55.3261
      vertex 84.6376 20.0367 55.4594
    endloop
  endfacet
  facet normal 0.970142 0.0627823 0.234273
    outer loop
      vertex 84.6721 20.001 55.3261
      vertex 84.6376 18.6844 55.8218
      vertex 84.6721 18.6487 55.6885
    endloop
  endfacet
  facet normal 0.856644 0.13351 0.498333
    outer loop
      vertex 84.4776 18.7745 56.158
      vertex 84.4556 20.1362 55.831
      vertex 84.4556 18.7839 56.1933
    endloop
  endfacet
  facet normal 0.857559 0.133169 0.496849
    outer loop
      vertex 84.4556 20.1362 55.831
      vertex 84.4776 18.7745 56.158
      vertex 84.5288 20.1047 55.7131
    endloop
  endfacet
  facet normal 0.00621397 0.967049 -0.254514
    outer loop
      vertex 84.5288 20.1047 55.7131
      vertex 84.3709 20.1658 55.9414
      vertex 84.4556 20.1362 55.831
    endloop
  endfacet
  facet normal -0.049441 0.258471 0.964753
    outer loop
      vertex 83.1079 20.3012 56.4467
      vertex 83.25 18.9507 56.8158
      vertex 83.25 20.303 56.4535
    endloop
  endfacet
  facet normal -0.0487637 0.258546 0.964767
    outer loop
      vertex 83.25 18.9507 56.8158
      vertex 83.1079 20.3012 56.4467
      vertex 83.1079 18.9489 56.8091
    endloop
  endfacet
  facet normal -0.00212831 0.965675 -0.259746
    outer loop
      vertex 81.9104 19.7841 54.5169
      vertex 81.8624 19.8188 54.6463
      vertex 81.9712 19.7508 54.3926
    endloop
  endfacet
  facet normal -0.000670688 0.965833 -0.259163
    outer loop
      vertex 81.9712 19.7508 54.3926
      vertex 81.8624 19.8188 54.6463
      vertex 82.2247 19.6624 54.0625
    endloop
  endfacet
  facet normal -0.904159 -0.110553 -0.412643
    outer loop
      vertex 81.9286 18.4218 54.842
      vertex 81.9104 19.7841 54.5169
      vertex 81.9712 19.7508 54.3926
    endloop
  endfacet
  facet normal -0.904161 -0.110552 -0.41264
    outer loop
      vertex 81.9104 19.7841 54.5169
      vertex 81.9286 18.4218 54.842
      vertex 81.9104 18.4318 54.8792
    endloop
  endfacet
  facet normal -0.671493 -0.191764 -0.715768
    outer loop
      vertex 82.2985 18.2928 54.3602
      vertex 82.2247 18.3101 54.4248
      vertex 82.2247 19.6624 54.0625
    endloop
  endfacet
  facet normal -0.740956 -0.173789 -0.648676
    outer loop
      vertex 82.2247 18.3101 54.4248
      vertex 82.1578 18.3292 54.4961
      vertex 82.2247 19.6624 54.0625
    endloop
  endfacet
  facet normal 0 0.96609 -0.258204
    outer loop
      vertex 83.6709 20.2869 56.3932
      vertex 82.9671 20.2958 56.4265
      vertex 83.5329 20.2958 56.4265
    endloop
  endfacet
  facet normal 0 0.96609 -0.258204
    outer loop
      vertex 82.9671 20.2958 56.4265
      vertex 83.6709 20.2869 56.3932
      vertex 82.8291 20.2869 56.3932
    endloop
  endfacet
  facet normal -0.595708 0.207897 0.775829
    outer loop
      vertex 82.3301 20.2179 56.1355
      vertex 82.3301 18.8655 56.4979
      vertex 82.4101 18.8809 56.5552
    endloop
  endfacet
  facet normal -0.59573 0.207907 0.775809
    outer loop
      vertex 82.3301 20.2179 56.1355
      vertex 82.4444 18.8875 56.5798
      vertex 82.4444 20.2398 56.2174
    endloop
  endfacet
  facet normal -0.596173 0.207768 0.775506
    outer loop
      vertex 82.4444 18.8875 56.5798
      vertex 82.3301 20.2179 56.1355
      vertex 82.4101 18.8809 56.5552
    endloop
  endfacet
  facet normal 0.00490298 0.964318 -0.264701
    outer loop
      vertex 82.4444 20.2398 56.2174
      vertex 82.2247 20.1931 56.0432
      vertex 82.3301 20.2179 56.1355
    endloop
  endfacet
  facet normal -0.803101 0.154196 0.575545
    outer loop
      vertex 82.1291 20.1658 55.9414
      vertex 82.0698 18.7928 56.2265
      vertex 82.1291 18.8135 56.3037
    endloop
  endfacet
  facet normal -0.740693 0.173909 0.648945
    outer loop
      vertex 82.1291 20.1658 55.9414
      vertex 82.2247 18.8408 56.4056
      vertex 82.2247 20.1931 56.0432
    endloop
  endfacet
  facet normal -0.740999 0.173777 0.64863
    outer loop
      vertex 82.2247 18.8408 56.4056
      vertex 82.1291 20.1658 55.9414
      vertex 82.1291 18.8135 56.3037
    endloop
  endfacet
  facet normal 0.427601 0.233996 0.873157
    outer loop
      vertex 83.8049 20.2745 56.3468
      vertex 83.8049 18.9222 56.7092
      vertex 83.8949 18.9111 56.6681
    endloop
  endfacet
  facet normal -0.99879 0.0127276 0.0475099
    outer loop
      vertex 81.8 19.9278 55.0529
      vertex 81.8 18.5754 55.4152
      vertex 81.8049 18.6012 55.5113
    endloop
  endfacet
  facet normal -0.970142 0.0627823 0.234273
    outer loop
      vertex 81.8279 20.001 55.3261
      vertex 81.8624 18.6844 55.8218
      vertex 81.8624 20.0367 55.4594
    endloop
  endfacet
  facet normal -0.970142 0.0627823 0.234273
    outer loop
      vertex 81.8624 18.6844 55.8218
      vertex 81.8279 20.001 55.3261
      vertex 81.8279 18.6487 55.6885
    endloop
  endfacet
  facet normal -0.941401 0.0873086 0.325793
    outer loop
      vertex 81.8624 20.0367 55.4594
      vertex 81.9104 18.7191 55.9512
      vertex 81.9104 20.0714 55.5888
    endloop
  endfacet
  facet normal -0.941401 0.0873086 0.325793
    outer loop
      vertex 81.9104 18.7191 55.9512
      vertex 81.8624 20.0367 55.4594
      vertex 81.8624 18.6844 55.8218
    endloop
  endfacet
  facet normal 0 0.966205 -0.257775
    outer loop
      vertex 83.3921 19.5543 53.659
      vertex 82.8291 19.5686 53.7126
      vertex 83.6709 19.5686 53.7126
    endloop
  endfacet
  facet normal 0 0.966205 -0.257775
    outer loop
      vertex 82.8291 19.5686 53.7126
      vertex 83.3921 19.5543 53.659
      vertex 83.1079 19.5543 53.659
    endloop
  endfacet
  facet normal -0.514096 -0.22197 -0.828513
    outer loop
      vertex 82.4444 18.2634 54.2507
      vertex 82.5665 19.5968 53.8177
      vertex 82.5665 18.2445 54.18
    endloop
  endfacet
  facet normal -0.513597 -0.222105 -0.828787
    outer loop
      vertex 82.5665 19.5968 53.8177
      vertex 82.4444 18.2634 54.2507
      vertex 82.4444 19.6157 53.8883
    endloop
  endfacet
  facet normal 0 0.965948 -0.258736
    outer loop
      vertex 83.6709 19.5686 53.7126
      vertex 82.3301 19.6376 53.9702
      vertex 84.1699 19.6376 53.9702
    endloop
  endfacet
  facet normal 0 0.965948 -0.258736
    outer loop
      vertex 82.3301 19.6376 53.9702
      vertex 83.6709 19.5686 53.7126
      vertex 82.8291 19.5686 53.7126
    endloop
  endfacet
  facet normal 0.59432 -0.208296 -0.776786
    outer loop
      vertex 84.0556 19.6157 53.8883
      vertex 84.1699 18.2853 54.3325
      vertex 84.1356 18.2788 54.308
    endloop
  endfacet
  facet normal 0.59573 -0.207854 -0.775824
    outer loop
      vertex 84.1699 18.2853 54.3325
      vertex 84.0556 19.6157 53.8883
      vertex 84.1699 19.6376 53.9702
    endloop
  endfacet
  facet normal 0.671493 -0.191764 -0.715768
    outer loop
      vertex 84.2753 18.3101 54.4248
      vertex 84.2015 18.2928 54.3602
      vertex 84.2753 19.6624 54.0625
    endloop
  endfacet
  facet normal 0.514096 -0.22197 -0.828513
    outer loop
      vertex 83.9335 19.5968 53.8177
      vertex 84.0556 18.2634 54.2507
      vertex 83.9335 18.2445 54.18
    endloop
  endfacet
  facet normal 0.513597 -0.222105 -0.828787
    outer loop
      vertex 84.0556 18.2634 54.2507
      vertex 83.9335 19.5968 53.8177
      vertex 84.0556 19.6157 53.8883
    endloop
  endfacet
  facet normal 0.970076 -0.0628498 -0.234525
    outer loop
      vertex 84.6721 18.5022 55.142
      vertex 84.6479 18.4772 55.0486
      vertex 84.6721 19.8545 54.7796
    endloop
  endfacet
  facet normal -0.59432 -0.208296 -0.776786
    outer loop
      vertex 82.3301 18.2853 54.3325
      vertex 82.4444 19.6157 53.8883
      vertex 82.3644 18.2788 54.308
    endloop
  endfacet
  facet normal -0.59573 -0.207854 -0.775824
    outer loop
      vertex 82.4444 19.6157 53.8883
      vertex 82.3301 18.2853 54.3325
      vertex 82.3301 19.6376 53.9702
    endloop
  endfacet
  facet normal 0.00211734 0.966891 -0.25518
    outer loop
      vertex 82.5665 19.5968 53.8177
      vertex 82.4444 19.6157 53.8883
      vertex 82.6951 19.581 53.7589
    endloop
  endfacet
  facet normal 0.000298647 0.965906 -0.258891
    outer loop
      vertex 81.8624 19.8188 54.6463
      vertex 81.8 19.9278 55.0529
      vertex 81.9712 20.1047 55.7131
    endloop
  endfacet
  facet normal 1.20971e-05 0.965914 -0.258864
    outer loop
      vertex 82.3301 19.6376 53.9702
      vertex 81.8624 19.8188 54.6463
      vertex 81.9712 20.1047 55.7131
    endloop
  endfacet
  facet normal -0.970076 -0.0628498 -0.234525
    outer loop
      vertex 81.8521 18.4772 55.0486
      vertex 81.8279 18.5022 55.142
      vertex 81.8279 19.8545 54.7796
    endloop
  endfacet
  facet normal -0.99879 -0.0127277 -0.0475102
    outer loop
      vertex 81.8021 18.5644 55.374
      vertex 81.8 19.9278 55.0529
      vertex 81.807 19.891 54.9156
    endloop
  endfacet
  facet normal -0.99879 -0.0127279 -0.047511
    outer loop
      vertex 81.8 19.9278 55.0529
      vertex 81.8021 18.5644 55.374
      vertex 81.8 18.5754 55.4152
    endloop
  endfacet
  facet normal 0.000476092 0.965913 -0.258866
    outer loop
      vertex 81.807 19.891 54.9156
      vertex 81.8 19.9278 55.0529
      vertex 81.8624 19.8188 54.6463
    endloop
  endfacet
  facet normal -0.857559 -0.133151 -0.496854
    outer loop
      vertex 82.0444 19.7193 54.2747
      vertex 81.9712 18.3985 54.755
      vertex 81.9712 19.7508 54.3926
    endloop
  endfacet
  facet normal -0.857607 -0.133121 -0.496779
    outer loop
      vertex 81.9712 18.3985 54.755
      vertex 82.0444 19.7193 54.2747
      vertex 82.0444 18.3669 54.6371
    endloop
  endfacet
  facet normal 0.00408863 0.966734 -0.255749
    outer loop
      vertex 82.0444 19.7193 54.2747
      vertex 81.9712 19.7508 54.3926
      vertex 82.2247 19.6624 54.0625
    endloop
  endfacet
  facet normal -0.941316 -0.0873478 -0.326029
    outer loop
      vertex 81.896 18.4422 54.9181
      vertex 81.8624 18.4665 55.0086
      vertex 81.8624 19.8188 54.6463
    endloop
  endfacet
  facet normal 0.000320019 0.965947 -0.25874
    outer loop
      vertex 82.1291 19.6897 54.1643
      vertex 82.0444 19.7193 54.2747
      vertex 82.2247 19.6624 54.0625
    endloop
  endfacet
  facet normal -0.803446 -0.154105 -0.575088
    outer loop
      vertex 82.1037 18.3462 54.5598
      vertex 82.0444 18.3669 54.6371
      vertex 82.0444 19.7193 54.2747
    endloop
  endfacet
  facet normal -0.243078 0.251025 0.936963
    outer loop
      vertex 82.8291 20.2869 56.3932
      vertex 82.8291 18.9346 56.7555
      vertex 82.9257 18.9408 56.7789
    endloop
  endfacet
  facet normal -0.803443 0.154117 0.575089
    outer loop
      vertex 82.0444 20.1362 55.831
      vertex 82.0698 18.7928 56.2265
      vertex 82.1291 20.1658 55.9414
    endloop
  endfacet
  facet normal -0.804238 0.153799 0.574061
    outer loop
      vertex 82.0698 18.7928 56.2265
      vertex 82.0444 20.1362 55.831
      vertex 82.0444 18.7839 56.1933
    endloop
  endfacet
  facet normal -0.85795 0.132948 0.496233
    outer loop
      vertex 81.9712 20.1047 55.7131
      vertex 81.9712 18.7524 56.0754
      vertex 82.0224 18.7745 56.158
    endloop
  endfacet
  facet normal -0.998788 0.0127416 0.0475503
    outer loop
      vertex 81.8049 18.6012 55.5113
      vertex 81.807 19.9645 55.1901
      vertex 81.8 19.9278 55.0529
    endloop
  endfacet
  facet normal -0.99879 0.0127321 0.0475098
    outer loop
      vertex 81.807 19.9645 55.1901
      vertex 81.8049 18.6012 55.5113
      vertex 81.807 18.6122 55.5525
    endloop
  endfacet
  facet normal -0.989164 0.0380038 0.141812
    outer loop
      vertex 81.807 19.9645 55.1901
      vertex 81.8279 18.6487 55.6885
      vertex 81.8279 20.001 55.3261
    endloop
  endfacet
  facet normal -0.989164 0.0380038 0.141812
    outer loop
      vertex 81.8279 18.6487 55.6885
      vertex 81.807 19.9645 55.1901
      vertex 81.807 18.6122 55.5525
    endloop
  endfacet
  facet normal 0.427914 -0.233897 -0.87303
    outer loop
      vertex 83.8049 19.581 53.7589
      vertex 83.9335 18.2445 54.18
      vertex 83.8049 18.2287 54.1212
    endloop
  endfacet
  facet normal 0.427914 -0.233897 -0.87303
    outer loop
      vertex 83.9335 18.2445 54.18
      vertex 83.8049 19.581 53.7589
      vertex 83.9335 19.5968 53.8177
    endloop
  endfacet
  facet normal 0.242968 -0.251032 -0.936989
    outer loop
      vertex 83.5329 19.5597 53.6792
      vertex 83.6709 18.2163 54.0749
      vertex 83.5329 18.2074 54.0415
    endloop
  endfacet
  facet normal 0.242968 -0.251032 -0.936989
    outer loop
      vertex 83.6709 18.2163 54.0749
      vertex 83.5329 19.5597 53.6792
      vertex 83.6709 19.5686 53.7126
    endloop
  endfacet
  facet normal -0.000292733 0.966583 -0.256353
    outer loop
      vertex 83.5329 19.5597 53.6792
      vertex 83.3921 19.5543 53.659
      vertex 83.6709 19.5686 53.7126
    endloop
  endfacet
  facet normal 0.000292733 0.966583 -0.256353
    outer loop
      vertex 82.9671 19.5597 53.6792
      vertex 82.8291 19.5686 53.7126
      vertex 83.1079 19.5543 53.659
    endloop
  endfacet
  facet normal 0.595708 -0.207912 -0.775825
    outer loop
      vertex 84.1356 18.2788 54.308
      vertex 84.0556 18.2634 54.2507
      vertex 84.0556 19.6157 53.8883
    endloop
  endfacet
  facet normal 0.941316 -0.0873478 -0.326029
    outer loop
      vertex 84.6376 18.4665 55.0086
      vertex 84.604 18.4422 54.9181
      vertex 84.6376 19.8188 54.6463
    endloop
  endfacet
  facet normal -0.595708 -0.207912 -0.775825
    outer loop
      vertex 82.4444 18.2634 54.2507
      vertex 82.3644 18.2788 54.308
      vertex 82.4444 19.6157 53.8883
    endloop
  endfacet
  facet normal -0.998789 -0.0127318 -0.0475219
    outer loop
      vertex 81.807 18.5387 55.2779
      vertex 81.8021 18.5644 55.374
      vertex 81.807 19.891 54.9156
    endloop
  endfacet
  facet normal -0.989164 -0.037994 -0.141814
    outer loop
      vertex 81.8279 19.8545 54.7796
      vertex 81.807 18.5387 55.2779
      vertex 81.807 19.891 54.9156
    endloop
  endfacet
  facet normal -0.989149 -0.0380293 -0.141907
    outer loop
      vertex 81.807 18.5387 55.2779
      vertex 81.8279 19.8545 54.7796
      vertex 81.8279 18.5022 55.142
    endloop
  endfacet
  facet normal -0.740693 -0.173891 -0.648949
    outer loop
      vertex 82.1578 18.3292 54.4961
      vertex 82.1291 19.6897 54.1643
      vertex 82.2247 19.6624 54.0625
    endloop
  endfacet
  facet normal -0.7411 -0.173793 -0.648512
    outer loop
      vertex 82.1291 19.6897 54.1643
      vertex 82.1578 18.3292 54.4961
      vertex 82.1291 18.3374 54.5267
    endloop
  endfacet
  facet normal -0.803443 -0.154106 -0.575092
    outer loop
      vertex 82.1291 19.6897 54.1643
      vertex 82.1037 18.3462 54.5598
      vertex 82.0444 19.7193 54.2747
    endloop
  endfacet
  facet normal -0.803223 -0.154194 -0.575376
    outer loop
      vertex 82.1037 18.3462 54.5598
      vertex 82.1291 19.6897 54.1643
      vertex 82.1291 18.3374 54.5267
    endloop
  endfacet
  facet normal -0.242329 0.251139 0.937126
    outer loop
      vertex 82.8291 20.2869 56.3932
      vertex 82.9671 18.9435 56.7889
      vertex 82.9671 20.2958 56.4265
    endloop
  endfacet
  facet normal -0.242714 0.251075 0.937044
    outer loop
      vertex 82.9671 18.9435 56.7889
      vertex 82.8291 20.2869 56.3932
      vertex 82.9257 18.9408 56.7789
    endloop
  endfacet
  facet normal -0.00383612 0.967702 -0.252068
    outer loop
      vertex 82.6951 20.2745 56.3468
      vertex 82.4444 20.2398 56.2174
      vertex 82.5665 20.2587 56.2881
    endloop
  endfacet
  facet normal -0.514096 0.22197 0.828513
    outer loop
      vertex 82.4444 20.2398 56.2174
      vertex 82.5665 18.9064 56.6504
      vertex 82.5665 20.2587 56.2881
    endloop
  endfacet
  facet normal -0.514373 0.221896 0.828361
    outer loop
      vertex 82.5665 18.9064 56.6504
      vertex 82.4444 20.2398 56.2174
      vertex 82.5299 18.9007 56.6292
    endloop
  endfacet
  facet normal -0.337403 0.243612 0.909292
    outer loop
      vertex 82.6951 20.2745 56.3468
      vertex 82.8291 18.9346 56.7555
      vertex 82.8291 20.2869 56.3932
    endloop
  endfacet
  facet normal -0.336801 0.243731 0.909484
    outer loop
      vertex 82.8291 18.9346 56.7555
      vertex 82.6951 20.2745 56.3468
      vertex 82.6951 18.9222 56.7092
    endloop
  endfacet
  facet normal -0.427601 0.233996 0.873157
    outer loop
      vertex 82.6951 20.2745 56.3468
      vertex 82.6051 18.9111 56.6681
      vertex 82.6951 18.9222 56.7092
    endloop
  endfacet
  facet normal -0.00621397 0.967049 -0.254514
    outer loop
      vertex 82.1291 20.1658 55.9414
      vertex 81.9712 20.1047 55.7131
      vertex 82.0444 20.1362 55.831
    endloop
  endfacet
  facet normal -0.857559 0.133169 0.496849
    outer loop
      vertex 82.0224 18.7745 56.158
      vertex 82.0444 20.1362 55.831
      vertex 81.9712 20.1047 55.7131
    endloop
  endfacet
  facet normal -0.856644 0.13351 0.498333
    outer loop
      vertex 82.0444 20.1362 55.831
      vertex 82.0224 18.7745 56.158
      vertex 82.0444 18.7839 56.1933
    endloop
  endfacet
  facet normal -0.427914 -0.233897 -0.87303
    outer loop
      vertex 82.5665 18.2445 54.18
      vertex 82.6951 19.581 53.7589
      vertex 82.6951 18.2287 54.1212
    endloop
  endfacet
  facet normal -0.427914 -0.233897 -0.87303
    outer loop
      vertex 82.6951 19.581 53.7589
      vertex 82.5665 18.2445 54.18
      vertex 82.5665 19.5968 53.8177
    endloop
  endfacet
  facet normal -0.336801 -0.243668 -0.9095
    outer loop
      vertex 82.6951 18.2287 54.1212
      vertex 82.8291 19.5686 53.7126
      vertex 82.8291 18.2163 54.0749
    endloop
  endfacet
  facet normal -0.336801 -0.243668 -0.9095
    outer loop
      vertex 82.8291 19.5686 53.7126
      vertex 82.6951 18.2287 54.1212
      vertex 82.6951 19.581 53.7589
    endloop
  endfacet
  facet normal 0.00135841 0.966529 -0.256553
    outer loop
      vertex 82.4444 19.6157 53.8883
      vertex 82.3301 19.6376 53.9702
      vertex 82.6951 19.581 53.7589
    endloop
  endfacet
  facet normal -3.89259e-05 0.965929 -0.258806
    outer loop
      vertex 82.6951 19.581 53.7589
      vertex 82.3301 19.6376 53.9702
      vertex 82.8291 19.5686 53.7126
    endloop
  endfacet
  facet normal -1 0 0
    outer loop
      vertex 14.15 44 2.5
      vertex 14.15 16.5 2.5
      vertex 14.15 44 4
    endloop
  endfacet
  facet normal -1 0 0
    outer loop
      vertex 14.15 44 4
      vertex 14.15 45 21.9
      vertex 14.15 45 4
    endloop
  endfacet
  facet normal -1 0 0
    outer loop
      vertex 14.15 16.5 21.9
      vertex 14.15 44 4
      vertex 14.15 16.5 2.5
    endloop
  endfacet
  facet normal -1 0 0
    outer loop
      vertex 14.15 44 4
      vertex 14.15 16.5 21.9
      vertex 14.15 45 21.9
    endloop
  endfacet
  facet normal -0 0 1
    outer loop
      vertex 15.65 45 18.8
      vertex 19.15 16.5 18.8
      vertex 19.15 45 18.8
    endloop
  endfacet
  facet normal 0 0 1
    outer loop
      vertex 19.15 16.5 18.8
      vertex 15.65 45 18.8
      vertex 15.65 16.5 18.8
    endloop
  endfacet
  facet normal 1 0 0
    outer loop
      vertex 19.15 45 18.8
      vertex 19.15 44 4
      vertex 19.15 45 4
    endloop
  endfacet
  facet normal 1 -0 0
    outer loop
      vertex 19.15 16.5 18.8
      vertex 19.15 44 4
      vertex 19.15 45 18.8
    endloop
  endfacet
  facet normal 1 0 0
    outer loop
      vertex 19.15 16.5 2.5
      vertex 19.15 44 4
      vertex 19.15 16.5 18.8
    endloop
  endfacet
  facet normal 1 0 0
    outer loop
      vertex 19.15 44 4
      vertex 19.15 16.5 2.5
      vertex 19.15 44 2.5
    endloop
  endfacet
  facet normal 0 1 0
    outer loop
      vertex 19.15 45 18.8
      vertex 19.15 45 4
      vertex 15.65 45 18.8
    endloop
  endfacet
  facet normal 0 1 -0
    outer loop
      vertex 15.65 45 18.8
      vertex 14.15 45 21.9
      vertex 15.65 45 21.9
    endloop
  endfacet
  facet normal 0 1 0
    outer loop
      vertex 14.15 45 4
      vertex 15.65 45 18.8
      vertex 19.15 45 4
    endloop
  endfacet
  facet normal 0 1 0
    outer loop
      vertex 15.65 45 18.8
      vertex 14.15 45 4
      vertex 14.15 45 21.9
    endloop
  endfacet
  facet normal 0 -1 0
    outer loop
      vertex 14.15 16.5 21.9
      vertex 15.65 16.5 18.8
      vertex 15.65 16.5 21.9
    endloop
  endfacet
  facet normal 0 -1 0
    outer loop
      vertex 14.15 16.5 2.5
      vertex 15.65 16.5 18.8
      vertex 14.15 16.5 21.9
    endloop
  endfacet
  facet normal 0 -1 0
    outer loop
      vertex 19.15 16.5 2.5
      vertex 15.65 16.5 18.8
      vertex 14.15 16.5 2.5
    endloop
  endfacet
  facet normal 0 -1 0
    outer loop
      vertex 15.65 16.5 18.8
      vertex 19.15 16.5 2.5
      vertex 19.15 16.5 18.8
    endloop
  endfacet
  facet normal -1 0 0
    outer loop
      vertex 70.85 44 2.5
      vertex 70.85 16.5 2.5
      vertex 70.85 44 4
    endloop
  endfacet
  facet normal -1 0 0
    outer loop
      vertex 70.85 44 4
      vertex 70.85 45 18.8
      vertex 70.85 45 4
    endloop
  endfacet
  facet normal -1 0 0
    outer loop
      vertex 70.85 16.5 18.8
      vertex 70.85 44 4
      vertex 70.85 16.5 2.5
    endloop
  endfacet
  facet normal -1 0 0
    outer loop
      vertex 70.85 44 4
      vertex 70.85 16.5 18.8
      vertex 70.85 45 18.8
    endloop
  endfacet
  facet normal -0 0 1
    outer loop
      vertex 70.85 45 18.8
      vertex 74.35 16.5 18.8
      vertex 74.35 45 18.8
    endloop
  endfacet
  facet normal 0 0 1
    outer loop
      vertex 74.35 16.5 18.8
      vertex 70.85 45 18.8
      vertex 70.85 16.5 18.8
    endloop
  endfacet
  facet normal 1 0 0
    outer loop
      vertex 75.85 45 21.9
      vertex 75.85 44 4
      vertex 75.85 45 4
    endloop
  endfacet
  facet normal 1 -0 0
    outer loop
      vertex 75.85 16.5 21.9
      vertex 75.85 44 4
      vertex 75.85 45 21.9
    endloop
  endfacet
  facet normal 1 0 0
    outer loop
      vertex 75.85 16.5 2.5
      vertex 75.85 44 4
      vertex 75.85 16.5 21.9
    endloop
  endfacet
  facet normal 1 0 0
    outer loop
      vertex 75.85 44 4
      vertex 75.85 16.5 2.5
      vertex 75.85 44 2.5
    endloop
  endfacet
  facet normal 0 -1 0
    outer loop
      vertex 70.85 16.5 18.8
      vertex 70.85 16.5 2.5
      vertex 74.35 16.5 18.8
    endloop
  endfacet
  facet normal 0 -1 0
    outer loop
      vertex 74.35 16.5 18.8
      vertex 75.85 16.5 21.9
      vertex 74.35 16.5 21.9
    endloop
  endfacet
  facet normal 0 -1 0
    outer loop
      vertex 75.85 16.5 2.5
      vertex 74.35 16.5 18.8
      vertex 70.85 16.5 2.5
    endloop
  endfacet
  facet normal 0 -1 0
    outer loop
      vertex 74.35 16.5 18.8
      vertex 75.85 16.5 2.5
      vertex 75.85 16.5 21.9
    endloop
  endfacet
  facet normal 0 1 0
    outer loop
      vertex 75.85 45 21.9
      vertex 74.35 45 18.8
      vertex 74.35 45 21.9
    endloop
  endfacet
  facet normal 0 1 -0
    outer loop
      vertex 75.85 45 4
      vertex 74.35 45 18.8
      vertex 75.85 45 21.9
    endloop
  endfacet
  facet normal 0 1 0
    outer loop
      vertex 70.85 45 4
      vertex 74.35 45 18.8
      vertex 75.85 45 4
    endloop
  endfacet
  facet normal 0 1 0
    outer loop
      vertex 74.35 45 18.8
      vertex 70.85 45 4
      vertex 70.85 45 18.8
    endloop
  endfacet
  facet normal -0 0 1
    outer loop
      vertex 14.15 45 21.9
      vertex 15.65 16.5 21.9
      vertex 15.65 45 21.9
    endloop
  endfacet
  facet normal 0 0 1
    outer loop
      vertex 15.65 16.5 21.9
      vertex 14.15 45 21.9
      vertex 14.15 16.5 21.9
    endloop
  endfacet
  facet normal 1 -0 0
    outer loop
      vertex 15.65 16.5 21.9
      vertex 15.65 45 18.8
      vertex 15.65 45 21.9
    endloop
  endfacet
  facet normal 1 0 0
    outer loop
      vertex 15.65 45 18.8
      vertex 15.65 16.5 21.9
      vertex 15.65 16.5 18.8
    endloop
  endfacet
  facet normal -1 0 0
    outer loop
      vertex 74.35 16.5 18.8
      vertex 74.35 45 21.9
      vertex 74.35 45 18.8
    endloop
  endfacet
  facet normal -1 -0 0
    outer loop
      vertex 74.35 45 21.9
      vertex 74.35 16.5 18.8
      vertex 74.35 16.5 21.9
    endloop
  endfacet
  facet normal -0 0 1
    outer loop
      vertex 74.35 45 21.9
      vertex 75.85 16.5 21.9
      vertex 75.85 45 21.9
    endloop
  endfacet
  facet normal 0 0 1
    outer loop
      vertex 75.85 16.5 21.9
      vertex 74.35 45 21.9
      vertex 74.35 16.5 21.9
    endloop
  endfacet
  facet normal 0 -1 0
    outer loop
      vertex 75.85 44 4
      vertex 75.85 44 2.5
      vertex 86 44 4
    endloop
  endfacet
  facet normal 0 -1 0
    outer loop
      vertex 2.5 44 67.5
      vertex 4 44 66
      vertex 87.5 44 67.5
    endloop
  endfacet
  facet normal 0 -1 0
    outer loop
      vertex 2.5 44 67.5
      vertex 4 44 4
      vertex 4 44 66
    endloop
  endfacet
  facet normal 0 -1 0
    outer loop
      vertex 2.5 44 2.5
      vertex 4 44 4
      vertex 2.5 44 67.5
    endloop
  endfacet
  facet normal 0 -1 0
    outer loop
      vertex 14.15 44 2.5
      vertex 4 44 4
      vertex 2.5 44 2.5
    endloop
  endfacet
  facet normal 0 -1 0
    outer loop
      vertex 4 44 4
      vertex 14.15 44 2.5
      vertex 14.15 44 4
    endloop
  endfacet
  facet normal 0 -1 0
    outer loop
      vertex 86 44 66
      vertex 87.5 44 67.5
      vertex 4 44 66
    endloop
  endfacet
  facet normal 0 -1 0
    outer loop
      vertex 86 44 4
      vertex 87.5 44 67.5
      vertex 86 44 66
    endloop
  endfacet
  facet normal 0 -1 0
    outer loop
      vertex 86 44 4
      vertex 87.5 44 2.5
      vertex 87.5 44 67.5
    endloop
  endfacet
  facet normal 0 -1 0
    outer loop
      vertex 87.5 44 2.5
      vertex 86 44 4
      vertex 75.85 44 2.5
    endloop
  endfacet
  facet normal 0 -1 0
    outer loop
      vertex 19.15 44 2.5
      vertex 70.85 44 4
      vertex 19.15 44 4
    endloop
  endfacet
  facet normal 0 -1 -0
    outer loop
      vertex 70.85 44 4
      vertex 19.15 44 2.5
      vertex 70.85 44 2.5
    endloop
  endfacet
  facet normal 0 1 0
    outer loop
      vertex 87.5 45.5 67.5
      vertex 86 45.5 66
      vertex 2.5 45.5 67.5
    endloop
  endfacet
  facet normal 0 1 0
    outer loop
      vertex 87.5 45.5 67.5
      vertex 86 45.5 4
      vertex 86 45.5 66
    endloop
  endfacet
  facet normal 0 1 0
    outer loop
      vertex 86 45.5 4
      vertex 87.5 45.5 2.5
      vertex 4 45.5 4
    endloop
  endfacet
  facet normal 0 1 -0
    outer loop
      vertex 87.5 45.5 2.5
      vertex 86 45.5 4
      vertex 87.5 45.5 67.5
    endloop
  endfacet
  facet normal 0 1 -0
    outer loop
      vertex 4 45.5 66
      vertex 2.5 45.5 67.5
      vertex 86 45.5 66
    endloop
  endfacet
  facet normal 0 1 -0
    outer loop
      vertex 4 45.5 4
      vertex 2.5 45.5 67.5
      vertex 4 45.5 66
    endloop
  endfacet
  facet normal 0 1 0
    outer loop
      vertex 4 45.5 4
      vertex 2.5 45.5 2.5
      vertex 2.5 45.5 67.5
    endloop
  endfacet
  facet normal 0 1 0
    outer loop
      vertex 2.5 45.5 2.5
      vertex 4 45.5 4
      vertex 87.5 45.5 2.5
    endloop
  endfacet
  facet normal 1 -0 0
    outer loop
      vertex 4 44 66
      vertex 4 45.5 4
      vertex 4 45.5 66
    endloop
  endfacet
  facet normal 1 0 0
    outer loop
      vertex 4 45.5 4
      vertex 4 44 66
      vertex 4 44 4
    endloop
  endfacet
  facet normal 0 0 -1
    outer loop
      vertex 4 44 66
      vertex 86 45.5 66
      vertex 86 44 66
    endloop
  endfacet
  facet normal -0 0 -1
    outer loop
      vertex 86 45.5 66
      vertex 4 44 66
      vertex 4 45.5 66
    endloop
  endfacet
  facet normal -1 0 0
    outer loop
      vertex 86 44 4
      vertex 86 45.5 66
      vertex 86 45.5 4
    endloop
  endfacet
  facet normal -1 -0 0
    outer loop
      vertex 86 45.5 66
      vertex 86 44 4
      vertex 86 44 66
    endloop
  endfacet
  facet normal 0 0 1
    outer loop
      vertex 86 45.5 4
      vertex 75.85 45 4
      vertex 86 44 4
    endloop
  endfacet
  facet normal 0 0 1
    outer loop
      vertex 86 45.5 4
      vertex 70.85 45 4
      vertex 75.85 45 4
    endloop
  endfacet
  facet normal 0 0 1
    outer loop
      vertex 70.85 45 4
      vertex 19.15 45 4
      vertex 70.85 44 4
    endloop
  endfacet
  facet normal 0 0 1
    outer loop
      vertex 86 45.5 4
      vertex 19.15 45 4
      vertex 70.85 45 4
    endloop
  endfacet
  facet normal -0 0 1
    outer loop
      vertex 4 45.5 4
      vertex 19.15 45 4
      vertex 86 45.5 4
    endloop
  endfacet
  facet normal 0 0 1
    outer loop
      vertex 19.15 45 4
      vertex 4 45.5 4
      vertex 14.15 45 4
    endloop
  endfacet
  facet normal 0 0 1
    outer loop
      vertex 4 44 4
      vertex 14.15 45 4
      vertex 4 45.5 4
    endloop
  endfacet
  facet normal 0 0 1
    outer loop
      vertex 14.15 45 4
      vertex 4 44 4
      vertex 14.15 44 4
    endloop
  endfacet
  facet normal 0 0 1
    outer loop
      vertex 86 44 4
      vertex 75.85 45 4
      vertex 75.85 44 4
    endloop
  endfacet
  facet normal 0 0 1
    outer loop
      vertex 70.85 44 4
      vertex 19.15 45 4
      vertex 19.15 44 4
    endloop
  endfacet
  facet normal 1 0 0
    outer loop
      vertex 18.475 6.33331 9.72692
      vertex 18.475 8.58404 6.53565
      vertex 18.475 9.23109 8.95046
    endloop
  endfacet
  facet normal 1 0 0
    outer loop
      vertex 18.475 8.58404 6.53565
      vertex 18.475 6.33331 9.72692
      vertex 18.475 5.68626 7.31211
    endloop
  endfacet
  facet normal -1 0 0
    outer loop
      vertex 19.475 8.58404 6.53565
      vertex 19.475 6.33331 9.72692
      vertex 19.475 9.23109 8.95046
    endloop
  endfacet
  facet normal -1 0 -0
    outer loop
      vertex 19.475 6.33331 9.72692
      vertex 19.475 8.58404 6.53565
      vertex 19.475 5.68626 7.31211
    endloop
  endfacet
  facet normal 0 -0.25882 -0.965926
    outer loop
      vertex 18.475 6.33331 9.72692
      vertex 19.475 9.23109 8.95046
      vertex 19.475 6.33331 9.72692
    endloop
  endfacet
  facet normal -0 -0.25882 -0.965926
    outer loop
      vertex 19.475 9.23109 8.95046
      vertex 18.475 6.33331 9.72692
      vertex 18.475 9.23109 8.95046
    endloop
  endfacet
  facet normal 1 0 0
    outer loop
      vertex 18.475 22.9226 60.0479
      vertex 18.475 21.1853 57.9252
      vertex 18.475 22.2756 57.6331
    endloop
  endfacet
  facet normal 1 0 0
    outer loop
      vertex 18.475 20.0248 60.8244
      vertex 18.475 21.1853 57.9252
      vertex 18.475 22.9226 60.0479
    endloop
  endfacet
  facet normal 1 0 0
    outer loop
      vertex 18.475 21.1853 57.9252
      vertex 18.475 20.0248 60.8244
      vertex 18.475 19.3778 58.4096
    endloop
  endfacet
  facet normal -0 0.258782 0.965936
    outer loop
      vertex 18.475 22.2756 57.6331
      vertex 19.475 21.1853 57.9252
      vertex 19.475 22.2756 57.6331
    endloop
  endfacet
  facet normal 0 0.258782 0.965936
    outer loop
      vertex 19.475 21.1853 57.9252
      vertex 18.475 22.2756 57.6331
      vertex 18.475 21.1853 57.9252
    endloop
  endfacet
  facet normal 1 0 0
    outer loop
      vertex 29.475 6.33331 9.72692
      vertex 29.475 8.58404 6.53565
      vertex 29.475 9.23109 8.95046
    endloop
  endfacet
  facet normal 1 0 0
    outer loop
      vertex 29.475 8.58404 6.53565
      vertex 29.475 6.33331 9.72692
      vertex 29.475 5.68626 7.31211
    endloop
  endfacet
  facet normal -1 0 0
    outer loop
      vertex 30.475 8.58404 6.53565
      vertex 30.475 6.33331 9.72692
      vertex 30.475 9.23109 8.95046
    endloop
  endfacet
  facet normal -1 0 -0
    outer loop
      vertex 30.475 6.33331 9.72692
      vertex 30.475 8.58404 6.53565
      vertex 30.475 5.68626 7.31211
    endloop
  endfacet
  facet normal 0 -0.25882 -0.965926
    outer loop
      vertex 29.475 6.33331 9.72692
      vertex 30.475 9.23109 8.95046
      vertex 30.475 6.33331 9.72692
    endloop
  endfacet
  facet normal -0 -0.25882 -0.965926
    outer loop
      vertex 30.475 9.23109 8.95046
      vertex 29.475 6.33331 9.72692
      vertex 29.475 9.23109 8.95046
    endloop
  endfacet
  facet normal -1 0 0
    outer loop
      vertex 30.475 21.1853 57.9252
      vertex 30.475 22.9226 60.0479
      vertex 30.475 22.2756 57.6331
    endloop
  endfacet
  facet normal -1 0 0
    outer loop
      vertex 30.475 21.1853 57.9252
      vertex 30.475 20.0248 60.8244
      vertex 30.475 22.9226 60.0479
    endloop
  endfacet
  facet normal -1 0 -0
    outer loop
      vertex 30.475 20.0248 60.8244
      vertex 30.475 21.1853 57.9252
      vertex 30.475 19.3778 58.4096
    endloop
  endfacet
  facet normal -0 0.258782 0.965936
    outer loop
      vertex 29.475 22.2756 57.6331
      vertex 30.475 21.1853 57.9252
      vertex 30.475 22.2756 57.6331
    endloop
  endfacet
  facet normal 0 0.258782 0.965936
    outer loop
      vertex 30.475 21.1853 57.9252
      vertex 29.475 22.2756 57.6331
      vertex 29.475 21.1853 57.9252
    endloop
  endfacet
  facet normal 1 0 0
    outer loop
      vertex 59.525 6.33331 9.72692
      vertex 59.525 8.58404 6.53565
      vertex 59.525 9.23109 8.95046
    endloop
  endfacet
  facet normal 1 0 0
    outer loop
      vertex 59.525 8.58404 6.53565
      vertex 59.525 6.33331 9.72692
      vertex 59.525 5.68626 7.31211
    endloop
  endfacet
  facet normal -1 0 0
    outer loop
      vertex 60.525 8.58404 6.53565
      vertex 60.525 6.33331 9.72692
      vertex 60.525 9.23109 8.95046
    endloop
  endfacet
  facet normal -1 0 -0
    outer loop
      vertex 60.525 6.33331 9.72692
      vertex 60.525 8.58404 6.53565
      vertex 60.525 5.68626 7.31211
    endloop
  endfacet
  facet normal 0 -0.25882 -0.965926
    outer loop
      vertex 59.525 6.33331 9.72692
      vertex 60.525 9.23109 8.95046
      vertex 60.525 6.33331 9.72692
    endloop
  endfacet
  facet normal -0 -0.25882 -0.965926
    outer loop
      vertex 60.525 9.23109 8.95046
      vertex 59.525 6.33331 9.72692
      vertex 59.525 9.23109 8.95046
    endloop
  endfacet
  facet normal 1 0 0
    outer loop
      vertex 59.525 22.9226 60.0479
      vertex 59.525 21.1853 57.9252
      vertex 59.525 22.2756 57.6331
    endloop
  endfacet
  facet normal 1 0 0
    outer loop
      vertex 59.525 20.0248 60.8244
      vertex 59.525 21.1853 57.9252
      vertex 59.525 22.9226 60.0479
    endloop
  endfacet
  facet normal 1 0 0
    outer loop
      vertex 59.525 21.1853 57.9252
      vertex 59.525 20.0248 60.8244
      vertex 59.525 19.3778 58.4096
    endloop
  endfacet
  facet normal -0 0.258782 0.965936
    outer loop
      vertex 59.525 22.2756 57.6331
      vertex 60.525 21.1853 57.9252
      vertex 60.525 22.2756 57.6331
    endloop
  endfacet
  facet normal 0 0.258782 0.965936
    outer loop
      vertex 60.525 21.1853 57.9252
      vertex 59.525 22.2756 57.6331
      vertex 59.525 21.1853 57.9252
    endloop
  endfacet
  facet normal 1 0 0
    outer loop
      vertex 70.525 6.33331 9.72692
      vertex 70.525 8.58404 6.53565
      vertex 70.525 9.23109 8.95046
    endloop
  endfacet
  facet normal 1 0 0
    outer loop
      vertex 70.525 8.58404 6.53565
      vertex 70.525 6.33331 9.72692
      vertex 70.525 5.68626 7.31211
    endloop
  endfacet
  facet normal -1 0 0
    outer loop
      vertex 71.525 8.58404 6.53565
      vertex 71.525 6.33331 9.72692
      vertex 71.525 9.23109 8.95046
    endloop
  endfacet
  facet normal -1 0 -0
    outer loop
      vertex 71.525 6.33331 9.72692
      vertex 71.525 8.58404 6.53565
      vertex 71.525 5.68626 7.31211
    endloop
  endfacet
  facet normal 0 -0.25882 -0.965926
    outer loop
      vertex 70.525 6.33331 9.72692
      vertex 71.525 9.23109 8.95046
      vertex 71.525 6.33331 9.72692
    endloop
  endfacet
  facet normal -0 -0.25882 -0.965926
    outer loop
      vertex 71.525 9.23109 8.95046
      vertex 70.525 6.33331 9.72692
      vertex 70.525 9.23109 8.95046
    endloop
  endfacet
  facet normal -1 0 0
    outer loop
      vertex 71.525 21.1853 57.9252
      vertex 71.525 22.9226 60.0479
      vertex 71.525 22.2756 57.6331
    endloop
  endfacet
  facet normal -1 0 0
    outer loop
      vertex 71.525 21.1853 57.9252
      vertex 71.525 20.0248 60.8244
      vertex 71.525 22.9226 60.0479
    endloop
  endfacet
  facet normal -1 0 -0
    outer loop
      vertex 71.525 20.0248 60.8244
      vertex 71.525 21.1853 57.9252
      vertex 71.525 19.3778 58.4096
    endloop
  endfacet
  facet normal -0 0.258782 0.965936
    outer loop
      vertex 70.525 22.2756 57.6331
      vertex 71.525 21.1853 57.9252
      vertex 71.525 22.2756 57.6331
    endloop
  endfacet
  facet normal 0 0.258782 0.965936
    outer loop
      vertex 71.525 21.1853 57.9252
      vertex 70.525 22.2756 57.6331
      vertex 70.525 21.1853 57.9252
    endloop
  endfacet
endsolid OpenSCAD_Model
